tracer_type,x_kpc,y_kpc,z_kpc,distance_basis,source_record
hii_region,0.00052,6.80000,0.00340,photometric_or_trigonometric,tablea1.dat:1
hii_region,0.00288,6.80007,-0.01466,photometric_or_trigonometric,tablea1.dat:5
hii_region,0.03891,0.45037,-0.06549,kinematic,tablea1.dat:11
hii_region,0.00864,6.80003,-0.00497,photometric_or_trigonometric,tablea1.dat:13
hii_region,0.04889,0.54087,-0.10564,kinematic,tablea1.dat:16
hii_region,0.05363,0.50053,-0.07351,kinematic,tablea1.dat:20
hii_region,0.06400,0.80078,-0.08744,kinematic,tablea1.dat:21
hii_region,0.07415,0.70053,-0.05067,kinematic,tablea1.dat:29
hii_region,0.07137,1.01115,-0.10815,kinematic,tablea1.dat:30
hii_region,0.07467,0.82082,-0.08198,kinematic,tablea1.dat:33
hii_region,0.07774,0.75069,-0.06589,kinematic,tablea1.dat:34
hii_region,0.22311,-12.82848,0.11986,kinematic,tablea1.dat:36
hii_region,0.09238,0.40054,-0.00496,photometric_or_trigonometric,tablea1.dat:40
hii_region,0.21949,-2.82782,-0.01943,kinematic,tablea1.dat:57
hii_region,0.48715,-10.45356,-0.06516,kinematic,tablea1.dat:69
hii_region,0.53565,-5.01911,0.05653,kinematic,tablea1.dat:71
hii_region,0.19430,3.60542,0.11483,photometric_or_trigonometric,tablea1.dat:73
hii_region,0.87197,-8.84784,-0.00090,kinematic,tablea1.dat:82
hii_region,0.96545,-10.36504,-0.01729,kinematic,tablea1.dat:86
hii_region,0.89734,-7.44445,0.00523,kinematic,tablea1.dat:87
hii_region,0.78774,-5.48749,-0.02459,kinematic,tablea1.dat:88
hii_region,0.70188,-3.71951,-0.01660,kinematic,tablea1.dat:91
hii_region,0.92484,-6.15041,-0.02856,kinematic,tablea1.dat:98
hii_region,0.09724,7.00370,0.01248,photometric_or_trigonometric,tablea1.dat:103
hii_region,0.01307,8.12658,0.09876,photometric_or_trigonometric,tablea1.dat:104
hii_region,1.09314,-5.86786,0.02927,kinematic,tablea1.dat:107
hii_region,0.95383,-3.66201,-0.02534,kinematic,tablea1.dat:112
hii_region,1.16521,-4.88850,0.05869,kinematic,tablea1.dat:116
hii_region,1.39657,-7.06648,-0.07648,kinematic,tablea1.dat:117
hii_region,1.14958,-3.68489,-0.05064,kinematic,tablea1.dat:119
hii_region,0.13113,7.02676,-0.00871,photometric_or_trigonometric,tablea1.dat:129
hii_region,0.09855,7.35536,-0.02097,photometric_or_trigonometric,tablea1.dat:137
hii_region,0.09884,7.35536,-0.01953,photometric_or_trigonometric,tablea1.dat:140
hii_region,0.52070,3.35745,-0.03157,kinematic,tablea1.dat:155
hii_region,0.13564,7.02721,-0.00261,photometric_or_trigonometric,tablea1.dat:156
hii_region,0.13601,7.02731,0.01251,photometric_or_trigonometric,tablea1.dat:158
hii_region,1.33542,-4.09752,-0.13820,kinematic,tablea1.dat:159
hii_region,0.10200,7.35569,-0.01936,photometric_or_trigonometric,tablea1.dat:161
hii_region,0.13868,7.02754,-0.00214,photometric_or_trigonometric,tablea1.dat:163
hii_region,1.36727,-4.23503,-0.12523,kinematic,tablea1.dat:164
hii_region,0.02005,8.11780,0.08001,photometric_or_trigonometric,tablea1.dat:165
hii_region,0.14263,7.02802,-0.01059,photometric_or_trigonometric,tablea1.dat:167
hii_region,0.14379,7.02810,-0.00179,photometric_or_trigonometric,tablea1.dat:169
hii_region,0.14490,7.02823,0.00223,photometric_or_trigonometric,tablea1.dat:170
hii_region,0.14599,7.02835,-0.00214,photometric_or_trigonometric,tablea1.dat:172
hii_region,0.14634,7.02841,-0.00664,photometric_or_trigonometric,tablea1.dat:178
hii_region,0.14860,7.02867,-0.00552,photometric_or_trigonometric,tablea1.dat:181
hii_region,0.11454,7.35759,-0.03531,photometric_or_trigonometric,tablea1.dat:186
hii_region,0.32806,5.62003,-0.01178,photometric_or_trigonometric,tablea1.dat:189
hii_region,0.11914,7.35819,-0.03614,photometric_or_trigonometric,tablea1.dat:198
hii_region,2.20194,-8.97010,0.05561,kinematic,tablea1.dat:203
hii_region,0.12047,7.35827,-0.03365,photometric_or_trigonometric,tablea1.dat:204
hii_region,0.34303,5.62188,-0.00547,photometric_or_trigonometric,tablea1.dat:206
hii_region,1.64005,-4.34321,0.14820,kinematic,tablea1.dat:207
hii_region,2.74162,-12.75179,0.13561,kinematic,tablea1.dat:209
hii_region,0.65151,3.33254,0.00525,kinematic,tablea1.dat:211
hii_region,2.21211,-8.06112,-0.02276,kinematic,tablea1.dat:221
hii_region,2.28830,-8.47464,0.00414,kinematic,tablea1.dat:223
hii_region,0.68385,3.43787,-0.01337,kinematic,tablea1.dat:225
hii_region,1.83435,-4.52942,0.05157,kinematic,tablea1.dat:229
hii_region,0.72842,3.31292,-0.00792,kinematic,tablea1.dat:239
hii_region,0.65587,3.83801,-0.02385,kinematic,tablea1.dat:242
hii_region,0.67205,3.76965,-0.02646,kinematic,tablea1.dat:248
hii_region,0.65879,3.90920,-0.02232,kinematic,tablea1.dat:249
hii_region,0.69912,3.71306,-0.02842,kinematic,tablea1.dat:252
hii_region,0.25772,6.61972,-0.01513,photometric_or_trigonometric,tablea1.dat:258
hii_region,0.67035,4.00203,-0.02452,kinematic,tablea1.dat:260
hii_region,0.86853,3.17308,0.01797,photometric_or_trigonometric,tablea1.dat:265
hii_region,0.61531,4.67209,-0.04554,kinematic,tablea1.dat:272
hii_region,0.87757,3.17514,-0.07551,photometric_or_trigonometric,tablea1.dat:274
hii_region,0.50931,5.37425,-0.03882,kinematic,tablea1.dat:277
hii_region,0.90128,3.17916,-0.06825,photometric_or_trigonometric,tablea1.dat:281
hii_region,0.88230,3.28751,-0.06734,kinematic,tablea1.dat:283
hii_region,2.00618,-3.08459,-0.00605,kinematic,tablea1.dat:284
hii_region,0.86575,3.42643,-0.03559,photometric_or_trigonometric,tablea1.dat:286
hii_region,0.75226,4.07683,0.05541,kinematic,tablea1.dat:290
hii_region,0.87307,3.42770,-0.03015,photometric_or_trigonometric,tablea1.dat:291
hii_region,0.87569,3.42821,-0.03680,photometric_or_trigonometric,tablea1.dat:303
hii_region,0.90312,3.28067,-0.02670,kinematic,tablea1.dat:306
hii_region,4.35445,-15.90104,-0.12875,kinematic,tablea1.dat:307
hii_region,0.87971,3.42880,-0.00691,photometric_or_trigonometric,tablea1.dat:309
hii_region,1.52377,-0.11312,0.01119,photometric_or_trigonometric,tablea1.dat:311
hii_region,2.83780,-7.29372,-0.07248,kinematic,tablea1.dat:313
hii_region,0.88625,3.43004,-0.02264,photometric_or_trigonometric,tablea1.dat:314
hii_region,0.88634,3.43002,-0.01296,photometric_or_trigonometric,tablea1.dat:316
hii_region,1.55195,-0.10797,0.00358,photometric_or_trigonometric,tablea1.dat:326
hii_region,0.91198,3.43485,-0.03317,photometric_or_trigonometric,tablea1.dat:333
hii_region,2.95726,-7.44421,-0.12135,kinematic,tablea1.dat:343
hii_region,0.91596,3.43565,-0.04035,photometric_or_trigonometric,tablea1.dat:344
hii_region,0.91812,3.43589,0.00268,photometric_or_trigonometric,tablea1.dat:346
hii_region,2.01726,-2.24885,-0.00150,kinematic,tablea1.dat:347
hii_region,0.36263,6.40638,-0.08728,kinematic,tablea1.dat:348
hii_region,0.96636,3.26185,-0.01110,kinematic,tablea1.dat:349
hii_region,2.57365,-5.09498,0.02024,kinematic,tablea1.dat:351
hii_region,0.30353,6.72972,-0.04579,photometric_or_trigonometric,tablea1.dat:352
hii_region,2.58137,-5.02221,0.00213,kinematic,tablea1.dat:353
hii_region,0.99042,3.25645,-0.03588,kinematic,tablea1.dat:358
hii_region,0.96205,3.44440,0.00760,photometric_or_trigonometric,tablea1.dat:364
hii_region,0.24910,7.07550,-0.03239,photometric_or_trigonometric,tablea1.dat:367
hii_region,1.03717,3.23520,0.03068,kinematic,tablea1.dat:369
hii_region,0.32450,6.73399,-0.04808,photometric_or_trigonometric,tablea1.dat:371
hii_region,1.05663,3.22891,-0.00353,kinematic,tablea1.dat:375
hii_region,0.49477,5.95176,0.03129,photometric_or_trigonometric,tablea1.dat:379
hii_region,0.82309,4.40628,-0.04279,kinematic,tablea1.dat:383
hii_region,2.52693,-3.64566,-0.00788,kinematic,tablea1.dat:388
hii_region,2.93814,-5.58243,-0.03938,kinematic,tablea1.dat:391
hii_region,0.91175,4.00576,-0.01877,kinematic,tablea1.dat:392
hii_region,1.96463,-0.92307,-0.00510,photometric_or_trigonometric,tablea1.dat:393
hii_region,2.76924,-4.50393,-0.02652,kinematic,tablea1.dat:398
hii_region,0.66403,5.28232,0.02750,kinematic,tablea1.dat:406
hii_region,4.39353,-11.63150,-0.01496,kinematic,tablea1.dat:408
hii_region,0.51711,5.95683,-0.04662,photometric_or_trigonometric,tablea1.dat:409
hii_region,0.51722,5.95654,-0.02593,photometric_or_trigonometric,tablea1.dat:413
hii_region,1.14137,3.20632,0.00638,kinematic,tablea1.dat:418
hii_region,2.85125,-4.42446,-0.00455,kinematic,tablea1.dat:419
hii_region,2.40798,-2.40245,0.00191,kinematic,tablea1.dat:422
hii_region,0.52841,5.95907,-0.02890,photometric_or_trigonometric,tablea1.dat:423
hii_region,0.52947,5.95914,-0.00641,photometric_or_trigonometric,tablea1.dat:425
hii_region,0.53015,5.95934,0.01550,photometric_or_trigonometric,tablea1.dat:427
hii_region,3.07253,-5.24567,0.08000,kinematic,tablea1.dat:429
hii_region,0.53200,5.95972,-0.00855,photometric_or_trigonometric,tablea1.dat:431
hii_region,0.53437,5.96027,-0.00963,photometric_or_trigonometric,tablea1.dat:442
hii_region,0.53533,5.96056,0.02052,photometric_or_trigonometric,tablea1.dat:444
hii_region,0.53616,5.96068,-0.01160,photometric_or_trigonometric,tablea1.dat:445
hii_region,2.78499,-3.63945,-0.03210,kinematic,tablea1.dat:449
hii_region,1.04019,3.86023,0.00358,kinematic,tablea1.dat:450
hii_region,2.69614,-3.18782,-0.02966,kinematic,tablea1.dat:455
hii_region,0.55323,5.96514,0.04859,photometric_or_trigonometric,tablea1.dat:461
hii_region,3.19135,-5.11563,0.01709,kinematic,tablea1.dat:463
hii_region,0.46288,6.37492,-0.01417,photometric_or_trigonometric,tablea1.dat:465
hii_region,0.46340,6.37500,-0.00643,photometric_or_trigonometric,tablea1.dat:466
hii_region,1.25367,3.16075,-0.02244,kinematic,tablea1.dat:471
hii_region,0.47356,6.37765,-0.02637,photometric_or_trigonometric,tablea1.dat:473
hii_region,1.03354,4.11581,0.02121,kinematic,tablea1.dat:475
hii_region,0.80397,5.04790,-0.00099,kinematic,tablea1.dat:482
hii_region,1.27227,3.15516,-0.04394,kinematic,tablea1.dat:483
hii_region,0.83209,4.96216,-0.00769,kinematic,tablea1.dat:484
hii_region,0.48113,6.37943,-0.01818,photometric_or_trigonometric,tablea1.dat:487
hii_region,0.83936,4.95367,-0.00909,kinematic,tablea1.dat:488
hii_region,1.29630,3.14036,0.00845,kinematic,tablea1.dat:489
hii_region,0.48269,6.37974,-0.00380,photometric_or_trigonometric,tablea1.dat:490
hii_region,0.87338,4.83851,-0.01389,kinematic,tablea1.dat:492
hii_region,0.86324,4.88750,-0.00768,kinematic,tablea1.dat:494
hii_region,0.87209,4.85883,-0.01778,kinematic,tablea1.dat:495
hii_region,0.84894,4.97674,-0.01096,kinematic,tablea1.dat:499
hii_region,0.27719,7.21492,-0.01251,photometric_or_trigonometric,tablea1.dat:500
hii_region,0.90938,4.76510,-0.00478,kinematic,tablea1.dat:505
hii_region,0.49388,6.38272,-0.02250,photometric_or_trigonometric,tablea1.dat:506
hii_region,0.75094,5.39550,0.00052,kinematic,tablea1.dat:509
hii_region,0.81418,5.17430,0.00079,kinematic,tablea1.dat:511
hii_region,0.88630,4.90375,0.00533,kinematic,tablea1.dat:515
hii_region,0.46219,6.52942,-0.01821,photometric_or_trigonometric,tablea1.dat:520
hii_region,3.31649,-4.36240,-0.11217,kinematic,tablea1.dat:521
hii_region,3.40398,-4.47424,0.01638,kinematic,tablea1.dat:523
hii_region,0.51013,6.38697,-0.02205,photometric_or_trigonometric,tablea1.dat:524
hii_region,3.41811,-4.46011,0.01176,kinematic,tablea1.dat:525
hii_region,0.51349,6.38789,-0.02374,photometric_or_trigonometric,tablea1.dat:527
hii_region,0.51526,6.38836,-0.02350,photometric_or_trigonometric,tablea1.dat:538
hii_region,0.72951,5.60154,0.16167,photometric_or_trigonometric,tablea1.dat:547
hii_region,0.51716,6.38901,-0.03248,photometric_or_trigonometric,tablea1.dat:550
hii_region,0.51847,6.38921,-0.02160,photometric_or_trigonometric,tablea1.dat:552
hii_region,3.00945,-2.78884,-0.03108,kinematic,tablea1.dat:556
hii_region,0.51902,6.38942,-0.02654,photometric_or_trigonometric,tablea1.dat:557
hii_region,0.73601,5.59848,0.00782,photometric_or_trigonometric,tablea1.dat:560
hii_region,3.07910,-2.69697,-0.04764,kinematic,tablea1.dat:565
hii_region,1.12353,4.46105,-0.01131,photometric_or_trigonometric,tablea1.dat:570
hii_region,1.12718,4.46227,-0.03595,photometric_or_trigonometric,tablea1.dat:572
hii_region,1.13143,4.46338,-0.01389,photometric_or_trigonometric,tablea1.dat:580
hii_region,3.44707,-3.27774,-0.01054,kinematic,tablea1.dat:583
hii_region,1.14367,4.46705,-0.02262,photometric_or_trigonometric,tablea1.dat:585
hii_region,0.57245,6.40492,-0.03704,photometric_or_trigonometric,tablea1.dat:588
hii_region,3.43241,-3.05222,-0.07183,kinematic,tablea1.dat:590
hii_region,0.58256,6.38691,0.02646,photometric_or_trigonometric,tablea1.dat:592
hii_region,4.70352,-7.13943,-0.02085,kinematic,tablea1.dat:601
hii_region,0.58413,6.38748,0.03260,photometric_or_trigonometric,tablea1.dat:604
hii_region,0.58451,6.38756,0.03030,photometric_or_trigonometric,tablea1.dat:607
hii_region,0.58950,6.38904,0.02670,photometric_or_trigonometric,tablea1.dat:613
hii_region,1.15947,4.56589,-0.01331,kinematic,tablea1.dat:615
hii_region,4.87810,-7.32624,-0.04057,kinematic,tablea1.dat:618
hii_region,4.03339,-4.38411,0.03485,kinematic,tablea1.dat:626
hii_region,3.84135,-3.57319,-0.14746,kinematic,tablea1.dat:627
hii_region,4.17644,-4.57977,0.01843,kinematic,tablea1.dat:628
hii_region,3.59321,-2.70841,0.01435,kinematic,tablea1.dat:629
hii_region,1.23309,4.53693,-0.01997,kinematic,tablea1.dat:631
hii_region,1.23707,4.52767,0.00686,kinematic,tablea1.dat:638
hii_region,1.11100,4.91789,-0.02467,kinematic,tablea1.dat:639
hii_region,3.78488,-3.21380,-0.03829,kinematic,tablea1.dat:641
hii_region,1.15440,4.79526,-0.01636,kinematic,tablea1.dat:642
hii_region,4.86284,-6.45916,0.10713,kinematic,tablea1.dat:643
hii_region,0.62605,6.40166,0.06603,photometric_or_trigonometric,tablea1.dat:644
hii_region,1.17485,4.73884,-0.01944,kinematic,tablea1.dat:648
hii_region,0.91708,5.52782,-0.01993,kinematic,tablea1.dat:652
hii_region,3.74753,-3.01558,0.00541,kinematic,tablea1.dat:660
hii_region,0.92150,5.52016,0.09060,kinematic,tablea1.dat:661
hii_region,3.70711,-2.80772,-0.00143,kinematic,tablea1.dat:662
hii_region,0.92602,5.53242,0.09681,kinematic,tablea1.dat:665
hii_region,4.58593,-5.33942,0.08640,kinematic,tablea1.dat:666
hii_region,1.08687,5.07844,-0.01709,photometric_or_trigonometric,tablea1.dat:668
hii_region,3.89701,-3.23974,-0.01275,kinematic,tablea1.dat:669
hii_region,0.64039,6.40654,0.06858,photometric_or_trigonometric,tablea1.dat:673
hii_region,4.41033,-4.69168,0.06082,kinematic,tablea1.dat:677
hii_region,3.90576,-3.15212,-0.06336,kinematic,tablea1.dat:679
hii_region,1.10021,5.08306,-0.02925,photometric_or_trigonometric,tablea1.dat:680
hii_region,1.10331,5.08410,-0.02611,photometric_or_trigonometric,tablea1.dat:682
hii_region,1.10435,5.08435,-0.00113,photometric_or_trigonometric,tablea1.dat:685
hii_region,4.32718,-4.24427,0.09843,kinematic,tablea1.dat:687
hii_region,1.10937,5.08618,-0.02558,photometric_or_trigonometric,tablea1.dat:688
hii_region,1.10968,5.08638,-0.03519,photometric_or_trigonometric,tablea1.dat:689
hii_region,1.11062,5.08655,-0.01667,photometric_or_trigonometric,tablea1.dat:690
hii_region,1.42153,4.19949,-0.02575,kinematic,tablea1.dat:696
hii_region,4.14047,-3.48374,-0.00436,kinematic,tablea1.dat:699
hii_region,0.66712,6.41455,0.00482,photometric_or_trigonometric,tablea1.dat:701
hii_region,4.18006,-3.50151,-0.04217,kinematic,tablea1.dat:707
hii_region,4.22617,-3.56846,-0.19791,kinematic,tablea1.dat:710
hii_region,4.12093,-3.26779,-0.05037,kinematic,tablea1.dat:712
hii_region,3.85362,-2.51385,-0.02645,kinematic,tablea1.dat:717
hii_region,4.09816,-3.16967,-0.06484,kinematic,tablea1.dat:719
hii_region,3.93170,-2.69834,-0.02793,kinematic,tablea1.dat:720
hii_region,1.14612,5.09902,-0.01187,kinematic,tablea1.dat:722
hii_region,4.64427,-4.64175,0.06719,kinematic,tablea1.dat:727
hii_region,5.57177,-7.18807,0.08187,kinematic,tablea1.dat:729
hii_region,1.13977,5.13955,-0.04551,kinematic,tablea1.dat:732
hii_region,4.09064,-3.01261,-0.11128,kinematic,tablea1.dat:733
hii_region,4.19087,-3.16821,-0.03005,kinematic,tablea1.dat:736
hii_region,4.65020,-4.32052,0.02582,kinematic,tablea1.dat:743
hii_region,1.23631,4.95137,-0.05570,kinematic,tablea1.dat:744
hii_region,1.20249,5.04575,-0.06904,kinematic,tablea1.dat:745
hii_region,4.07121,-2.66883,-0.00286,kinematic,tablea1.dat:746
hii_region,3.81184,-1.92242,0.00476,kinematic,tablea1.dat:747
hii_region,0.69973,6.42641,0.00576,photometric_or_trigonometric,tablea1.dat:748
hii_region,1.26268,4.92872,-0.01175,kinematic,tablea1.dat:749
hii_region,4.09670,-2.55248,-0.02753,kinematic,tablea1.dat:750
hii_region,4.10301,-2.53942,-0.01760,kinematic,tablea1.dat:752
hii_region,4.87472,-4.40703,0.02185,kinematic,tablea1.dat:757
hii_region,4.65246,-3.81754,-0.01269,kinematic,tablea1.dat:760
hii_region,4.48340,-3.29309,-0.06465,kinematic,tablea1.dat:761
hii_region,1.90710,3.43016,-0.02319,kinematic,tablea1.dat:762
hii_region,1.64845,4.10229,-0.04408,kinematic,tablea1.dat:763
hii_region,3.42456,-0.36801,-0.01822,kinematic,tablea1.dat:765
hii_region,1.67921,4.04970,-0.00893,kinematic,tablea1.dat:766
hii_region,1.63921,4.17372,-0.02023,kinematic,tablea1.dat:767
hii_region,4.91724,-3.94993,0.00184,kinematic,tablea1.dat:771
hii_region,5.10855,-4.42268,-0.00909,kinematic,tablea1.dat:774
hii_region,0.93253,5.98049,-0.01606,photometric_or_trigonometric,tablea1.dat:775
hii_region,0.93571,5.98171,0.00175,photometric_or_trigonometric,tablea1.dat:778
hii_region,5.55085,-5.33323,-0.03931,kinematic,tablea1.dat:782
hii_region,2.36244,2.55692,0.00650,photometric_or_trigonometric,tablea1.dat:786
hii_region,4.75912,-3.06368,-0.00215,kinematic,tablea1.dat:790
hii_region,2.40239,2.57376,-0.05257,photometric_or_trigonometric,tablea1.dat:797
hii_region,4.22419,-1.75878,-0.07293,kinematic,tablea1.dat:800
hii_region,4.04173,-1.31490,-0.05461,kinematic,tablea1.dat:801
hii_region,0.66119,6.73398,0.01988,photometric_or_trigonometric,tablea1.dat:802
hii_region,4.10933,-1.40592,0.00809,kinematic,tablea1.dat:805
hii_region,0.97468,5.99787,-0.01374,photometric_or_trigonometric,tablea1.dat:806
hii_region,0.97609,5.99848,-0.01553,photometric_or_trigonometric,tablea1.dat:808
hii_region,3.84867,-0.76691,0.03765,kinematic,tablea1.dat:812
hii_region,1.79555,4.07590,-0.03244,photometric_or_trigonometric,tablea1.dat:813
hii_region,1.90806,3.81946,-0.03119,kinematic,tablea1.dat:814
hii_region,2.43360,2.58677,-0.02688,photometric_or_trigonometric,tablea1.dat:815
hii_region,0.66735,6.73655,0.01650,photometric_or_trigonometric,tablea1.dat:816
hii_region,5.21973,-3.87854,-0.00000,kinematic,tablea1.dat:820
hii_region,1.96183,3.72271,-0.00000,kinematic,tablea1.dat:821
hii_region,2.45173,2.59454,-0.02905,photometric_or_trigonometric,tablea1.dat:824
hii_region,4.18373,-1.42853,0.01479,kinematic,tablea1.dat:830
hii_region,2.32399,2.89884,0.03058,photometric_or_trigonometric,tablea1.dat:832
hii_region,2.33719,2.90450,-0.02196,photometric_or_trigonometric,tablea1.dat:836
hii_region,4.10400,-1.15797,0.01224,kinematic,tablea1.dat:844
hii_region,2.16553,3.30963,-0.01700,kinematic,tablea1.dat:845
hii_region,2.34822,2.90924,-0.00421,photometric_or_trigonometric,tablea1.dat:850
hii_region,1.16317,5.63379,0.08044,kinematic,tablea1.dat:853
hii_region,2.17659,3.31442,0.00275,kinematic,tablea1.dat:854
hii_region,2.35522,2.91244,-0.03859,photometric_or_trigonometric,tablea1.dat:858
hii_region,4.41453,-1.77520,-0.04838,kinematic,tablea1.dat:859
hii_region,2.36401,2.91618,0.01755,photometric_or_trigonometric,tablea1.dat:860
hii_region,2.49668,2.61403,-0.02189,photometric_or_trigonometric,tablea1.dat:866
hii_region,2.37442,2.92078,0.02299,photometric_or_trigonometric,tablea1.dat:873
hii_region,2.51285,2.62113,-0.01290,photometric_or_trigonometric,tablea1.dat:879
hii_region,2.38308,2.92456,0.00677,photometric_or_trigonometric,tablea1.dat:883
hii_region,5.09443,-3.19136,0.01448,kinematic,tablea1.dat:884
hii_region,2.52147,2.62496,0.01647,photometric_or_trigonometric,tablea1.dat:885
hii_region,4.30700,-1.37458,-0.01830,kinematic,tablea1.dat:890
hii_region,4.14973,-0.96294,-0.01187,kinematic,tablea1.dat:891
hii_region,3.70452,0.03200,0.01929,kinematic,tablea1.dat:892
hii_region,2.22464,3.33583,0.04054,kinematic,tablea1.dat:893
hii_region,3.75400,-0.05536,0.03245,kinematic,tablea1.dat:894
hii_region,4.17987,-0.99326,-0.00943,kinematic,tablea1.dat:897
hii_region,4.69591,-2.09883,-0.03007,kinematic,tablea1.dat:899
hii_region,2.17716,3.47881,-0.01394,kinematic,tablea1.dat:900
hii_region,3.78287,-0.04238,0.01151,kinematic,tablea1.dat:901
hii_region,4.69284,-2.04531,-0.03767,kinematic,tablea1.dat:903
hii_region,3.99976,-0.49294,-0.04148,kinematic,tablea1.dat:908
hii_region,3.95103,-0.38299,0.08142,kinematic,tablea1.dat:909
hii_region,3.69263,0.19127,0.03281,kinematic,tablea1.dat:917
hii_region,3.83621,-0.11701,-0.00630,kinematic,tablea1.dat:923
hii_region,1.21136,5.64314,-0.01121,kinematic,tablea1.dat:925
hii_region,2.22418,3.42331,-0.02180,kinematic,tablea1.dat:927
hii_region,0.91336,6.29859,-0.01075,photometric_or_trigonometric,tablea1.dat:931
hii_region,3.83392,-0.07401,-0.03215,kinematic,tablea1.dat:935
hii_region,3.79091,0.04926,-0.02536,kinematic,tablea1.dat:936
hii_region,1.31945,5.42866,-0.00882,kinematic,tablea1.dat:942
hii_region,2.50254,2.86883,0.00866,kinematic,tablea1.dat:948
hii_region,0.92105,6.30210,-0.00768,photometric_or_trigonometric,tablea1.dat:949
hii_region,0.92105,6.30210,-0.00768,photometric_or_trigonometric,tablea1.dat:951
hii_region,3.80494,0.05592,-0.06339,kinematic,tablea1.dat:954
hii_region,3.84290,-0.01489,0.01567,kinematic,tablea1.dat:956
hii_region,3.94152,-0.18935,0.07041,kinematic,tablea1.dat:961
hii_region,1.42430,5.26786,0.00403,kinematic,tablea1.dat:972
hii_region,1.13951,5.88542,-0.01477,photometric_or_trigonometric,tablea1.dat:976
hii_region,0.93997,6.31095,0.01179,photometric_or_trigonometric,tablea1.dat:978
hii_region,1.14449,5.88775,-0.00825,photometric_or_trigonometric,tablea1.dat:984
hii_region,1.14465,5.88786,-0.01617,photometric_or_trigonometric,tablea1.dat:993
hii_region,6.76760,-5.95510,0.00936,kinematic,tablea1.dat:994
hii_region,5.83259,-3.98507,0.13340,kinematic,tablea1.dat:997
hii_region,2.33769,3.37684,-0.01332,kinematic,tablea1.dat:1000
hii_region,4.13645,-0.40742,0.01767,kinematic,tablea1.dat:1001
hii_region,1.14546,5.88822,-0.01184,photometric_or_trigonometric,tablea1.dat:1002
hii_region,3.74424,0.43592,-0.03192,kinematic,tablea1.dat:1004
hii_region,6.96841,-6.32468,0.01131,kinematic,tablea1.dat:1011
hii_region,1.29393,5.60504,0.05500,kinematic,tablea1.dat:1012
hii_region,1.15787,5.89412,0.00144,photometric_or_trigonometric,tablea1.dat:1014
hii_region,4.05471,-0.12507,0.00506,kinematic,tablea1.dat:1017
hii_region,2.61251,2.88757,0.02213,kinematic,tablea1.dat:1018
hii_region,3.68071,0.68268,-0.02067,kinematic,tablea1.dat:1023
hii_region,3.88658,0.26022,0.03741,kinematic,tablea1.dat:1024
hii_region,4.03382,0.00926,0.02011,kinematic,tablea1.dat:1026
hii_region,5.49102,-2.90709,-0.01503,kinematic,tablea1.dat:1027
hii_region,2.51232,3.17240,-0.00688,kinematic,tablea1.dat:1029
hii_region,4.12049,-0.02620,-0.01151,kinematic,tablea1.dat:1034
hii_region,1.33257,5.61321,0.07356,kinematic,tablea1.dat:1035
hii_region,1.33427,5.61449,0.08821,kinematic,tablea1.dat:1036
hii_region,2.25233,3.76926,0.05422,kinematic,tablea1.dat:1037
hii_region,1.02391,6.24167,0.06996,photometric_or_trigonometric,tablea1.dat:1038
hii_region,4.14930,-0.03423,0.00292,kinematic,tablea1.dat:1041
hii_region,2.56650,3.15464,0.02810,kinematic,tablea1.dat:1042
hii_region,4.37367,-0.45843,0.07108,kinematic,tablea1.dat:1044
hii_region,4.07263,0.15117,-0.04849,kinematic,tablea1.dat:1049
hii_region,4.10999,0.09146,0.01490,kinematic,tablea1.dat:1050
hii_region,4.74624,-1.17802,-0.01961,kinematic,tablea1.dat:1051
hii_region,5.79400,-3.27036,-0.00452,kinematic,tablea1.dat:1052
hii_region,4.75072,-1.18698,-0.00370,kinematic,tablea1.dat:1054
hii_region,8.50137,-8.66945,-0.07023,kinematic,tablea1.dat:1056
hii_region,2.70861,2.90139,0.00211,kinematic,tablea1.dat:1059
hii_region,4.58232,-0.70068,-0.01163,kinematic,tablea1.dat:1071
hii_region,2.33950,3.73451,0.00000,kinematic,tablea1.dat:1073
hii_region,5.76661,-2.92543,-0.01762,kinematic,tablea1.dat:1077
hii_region,2.41722,3.59457,-0.00739,kinematic,tablea1.dat:1079
hii_region,5.57722,-2.51677,0.03144,kinematic,tablea1.dat:1080
hii_region,4.36736,-0.15908,-0.02393,kinematic,tablea1.dat:1084
hii_region,0.25307,7.81052,-0.21086,kinematic,tablea1.dat:1090
hii_region,3.67737,1.19532,-0.02290,photometric_or_trigonometric,tablea1.dat:1091
hii_region,5.62699,-2.51349,0.04021,kinematic,tablea1.dat:1093
hii_region,4.48364,-0.29028,0.01421,kinematic,tablea1.dat:1096
hii_region,4.46363,-0.23305,0.00403,kinematic,tablea1.dat:1097
hii_region,2.60620,3.33213,0.00744,kinematic,tablea1.dat:1098
hii_region,5.38457,-1.91792,-0.05443,kinematic,tablea1.dat:1099
hii_region,4.70962,-0.56684,0.01402,kinematic,tablea1.dat:1104
hii_region,4.40784,0.00902,0.05195,kinematic,tablea1.dat:1107
hii_region,4.24886,0.30940,-0.00490,kinematic,tablea1.dat:1108
hii_region,2.41048,3.79428,0.01302,kinematic,tablea1.dat:1110
hii_region,4.30494,0.27133,-0.00795,kinematic,tablea1.dat:1111
hii_region,4.04215,0.77719,0.00149,kinematic,tablea1.dat:1115
hii_region,1.49755,5.51746,-0.02013,kinematic,tablea1.dat:1118
hii_region,2.24203,4.13524,-0.03112,kinematic,tablea1.dat:1124
hii_region,5.69127,-2.26454,-0.00482,kinematic,tablea1.dat:1128
hii_region,2.49467,3.66921,-0.00211,kinematic,tablea1.dat:1129
hii_region,2.61455,3.47255,-0.00019,kinematic,tablea1.dat:1133
hii_region,7.41519,-5.31115,0.03923,kinematic,tablea1.dat:1134
hii_region,2.45533,3.79587,-0.03250,kinematic,tablea1.dat:1137
hii_region,4.33695,0.34547,0.00237,kinematic,tablea1.dat:1140
hii_region,4.16966,0.66436,0.02946,kinematic,tablea1.dat:1146
hii_region,4.23469,0.55169,0.00462,kinematic,tablea1.dat:1149
hii_region,4.56516,-0.04258,0.02954,kinematic,tablea1.dat:1151
hii_region,4.30506,0.46492,0.03932,kinematic,tablea1.dat:1157
hii_region,6.82608,-4.12172,0.86343,kinematic,tablea1.dat:1158
hii_region,4.05166,0.93037,0.02554,kinematic,tablea1.dat:1165
hii_region,2.51657,3.72672,-0.02059,kinematic,tablea1.dat:1170
hii_region,4.23329,0.61937,0.00872,kinematic,tablea1.dat:1172
hii_region,4.25529,0.58582,-0.00323,kinematic,tablea1.dat:1175
hii_region,1.59893,5.41344,-0.03473,photometric_or_trigonometric,tablea1.dat:1179
hii_region,5.02858,-0.76918,0.01376,kinematic,tablea1.dat:1181
hii_region,5.29241,-1.24030,0.03237,kinematic,tablea1.dat:1182
hii_region,1.60448,5.41661,-0.04106,photometric_or_trigonometric,tablea1.dat:1183
hii_region,1.60672,5.41756,-0.00242,photometric_or_trigonometric,tablea1.dat:1188
hii_region,6.18871,-2.80112,0.09561,kinematic,tablea1.dat:1189
hii_region,1.61019,5.41950,-0.00271,photometric_or_trigonometric,tablea1.dat:1190
hii_region,2.97713,3.03323,-0.01922,kinematic,tablea1.dat:1195
hii_region,8.63938,-6.80353,0.06651,kinematic,tablea1.dat:1199
hii_region,4.07400,1.20766,-0.11692,kinematic,tablea1.dat:1201
hii_region,2.44140,4.05204,-0.06653,kinematic,tablea1.dat:1202
hii_region,2.74035,3.54284,-0.00402,photometric_or_trigonometric,tablea1.dat:1203
hii_region,4.49489,0.51494,-0.09446,kinematic,tablea1.dat:1213
hii_region,4.44795,0.60274,-0.00683,kinematic,tablea1.dat:1214
hii_region,4.28310,0.88863,0.01643,kinematic,tablea1.dat:1215
hii_region,2.94028,3.21959,-0.03299,kinematic,tablea1.dat:1216
hii_region,2.75071,3.54885,-0.01533,photometric_or_trigonometric,tablea1.dat:1217
hii_region,2.76381,3.55645,-0.01389,photometric_or_trigonometric,tablea1.dat:1218
hii_region,2.76795,3.55885,-0.00192,photometric_or_trigonometric,tablea1.dat:1227
hii_region,4.14499,1.21323,-0.03009,kinematic,tablea1.dat:1228
hii_region,4.23675,1.07025,-0.07108,kinematic,tablea1.dat:1232
hii_region,2.74107,3.62423,-0.01041,kinematic,tablea1.dat:1238
hii_region,2.77843,3.56503,-0.02280,photometric_or_trigonometric,tablea1.dat:1240
hii_region,6.45050,-2.68582,0.10228,kinematic,tablea1.dat:1242
hii_region,1.67319,5.45574,0.02471,photometric_or_trigonometric,tablea1.dat:1246
hii_region,5.71487,-1.41355,-0.00767,kinematic,tablea1.dat:1248
hii_region,2.78391,3.56820,-0.00374,photometric_or_trigonometric,tablea1.dat:1249
hii_region,2.78652,3.56981,-0.02779,photometric_or_trigonometric,tablea1.dat:1250
hii_region,2.78704,3.57024,-0.04283,photometric_or_trigonometric,tablea1.dat:1252
hii_region,5.65543,-1.28608,0.00466,kinematic,tablea1.dat:1255
hii_region,2.78960,3.57155,0.00230,photometric_or_trigonometric,tablea1.dat:1259
hii_region,5.85225,-1.59955,-0.00803,kinematic,tablea1.dat:1260
hii_region,0.25451,7.86965,-0.00541,photometric_or_trigonometric,tablea1.dat:1264
hii_region,2.79480,3.57463,-0.01016,photometric_or_trigonometric,tablea1.dat:1266
hii_region,2.80236,3.57917,-0.02501,photometric_or_trigonometric,tablea1.dat:1277
hii_region,2.80914,3.58313,-0.00278,photometric_or_trigonometric,tablea1.dat:1286
hii_region,2.81373,3.58591,-0.01782,photometric_or_trigonometric,tablea1.dat:1306
hii_region,3.01433,3.25143,-0.01129,kinematic,tablea1.dat:1310
hii_region,5.61342,-1.10168,-0.02102,kinematic,tablea1.dat:1312
hii_region,2.81555,3.58697,0.01284,photometric_or_trigonometric,tablea1.dat:1315
hii_region,5.92856,-1.62397,0.02704,kinematic,tablea1.dat:1318
hii_region,2.82345,3.59169,0.00747,photometric_or_trigonometric,tablea1.dat:1328
hii_region,2.82748,3.59410,-0.00364,photometric_or_trigonometric,tablea1.dat:1334
hii_region,6.24595,-2.07449,0.10145,kinematic,tablea1.dat:1336
hii_region,2.83199,3.59682,0.00757,photometric_or_trigonometric,tablea1.dat:1337
hii_region,6.12308,-1.86880,0.01637,kinematic,tablea1.dat:1339
hii_region,2.83819,3.60064,0.02721,photometric_or_trigonometric,tablea1.dat:1345
hii_region,5.98649,-1.60085,0.00969,kinematic,tablea1.dat:1351
hii_region,5.87366,-1.41195,-0.02516,kinematic,tablea1.dat:1354
hii_region,6.34258,-2.15677,-0.02305,kinematic,tablea1.dat:1357
hii_region,2.84716,3.60600,-0.01035,photometric_or_trigonometric,tablea1.dat:1359
hii_region,7.49599,-4.04135,0.12223,kinematic,tablea1.dat:1360
hii_region,2.85011,3.60778,0.00537,photometric_or_trigonometric,tablea1.dat:1361
hii_region,2.86040,3.61410,-0.02482,photometric_or_trigonometric,tablea1.dat:1364
hii_region,2.86120,3.61462,0.02961,photometric_or_trigonometric,tablea1.dat:1369
hii_region,4.65662,0.69215,-0.05355,kinematic,tablea1.dat:1378
hii_region,2.87488,3.62292,0.00728,photometric_or_trigonometric,tablea1.dat:1381
hii_region,2.87505,3.62302,0.00968,photometric_or_trigonometric,tablea1.dat:1383
hii_region,5.91085,-1.30720,-0.04469,kinematic,tablea1.dat:1385
hii_region,4.31785,1.28198,-0.03265,kinematic,tablea1.dat:1386
hii_region,2.88058,3.62683,-0.06218,photometric_or_trigonometric,tablea1.dat:1389
hii_region,4.30530,1.32123,0.03406,kinematic,tablea1.dat:1390
hii_region,3.70740,2.29181,0.02206,kinematic,tablea1.dat:1391
hii_region,9.46500,-7.00900,0.21928,kinematic,tablea1.dat:1392
hii_region,2.00631,5.07421,0.09483,photometric_or_trigonometric,tablea1.dat:1395
hii_region,4.25017,1.47527,0.02778,kinematic,tablea1.dat:1398
hii_region,4.58751,0.96671,0.00770,kinematic,tablea1.dat:1399
hii_region,4.39483,1.28261,0.01113,kinematic,tablea1.dat:1400
hii_region,4.45435,1.20190,0.01316,kinematic,tablea1.dat:1405
hii_region,2.92151,3.65191,0.01274,photometric_or_trigonometric,tablea1.dat:1407
hii_region,5.89524,-1.05787,-0.00714,kinematic,tablea1.dat:1410
hii_region,6.55672,-2.08294,-0.04844,kinematic,tablea1.dat:1411
hii_region,5.86910,-0.95607,0.01932,kinematic,tablea1.dat:1414
hii_region,4.54641,1.12992,0.01497,kinematic,tablea1.dat:1415
hii_region,5.80877,-0.82848,0.03815,kinematic,tablea1.dat:1416
hii_region,3.76430,2.41031,-0.04099,kinematic,tablea1.dat:1420
hii_region,5.01418,0.45563,0.00097,kinematic,tablea1.dat:1421
hii_region,6.80768,-2.29063,0.04592,kinematic,tablea1.dat:1422
hii_region,6.82493,-2.29144,0.04222,kinematic,tablea1.dat:1424
hii_region,4.23532,1.73813,0.00259,kinematic,tablea1.dat:1437
hii_region,4.16583,1.84801,0.00992,kinematic,tablea1.dat:1438
hii_region,5.77005,-0.62733,-0.07848,kinematic,tablea1.dat:1439
hii_region,9.53394,-6.42145,0.18582,kinematic,tablea1.dat:1440
hii_region,6.88764,-2.32226,0.06098,kinematic,tablea1.dat:1441
hii_region,5.81289,-0.65929,-0.06226,kinematic,tablea1.dat:1444
hii_region,4.75886,0.96919,0.00610,kinematic,tablea1.dat:1446
hii_region,4.72264,1.05300,0.01102,kinematic,tablea1.dat:1448
hii_region,2.94577,3.78619,-0.00884,kinematic,tablea1.dat:1449
hii_region,3.80496,2.48409,-0.00121,kinematic,tablea1.dat:1454
hii_region,6.24340,-1.22639,0.00199,kinematic,tablea1.dat:1457
hii_region,4.18514,1.92024,0.00906,kinematic,tablea1.dat:1458
hii_region,4.10527,2.04723,-0.00235,kinematic,tablea1.dat:1459
hii_region,5.06133,0.62934,-0.00064,kinematic,tablea1.dat:1460
hii_region,3.82765,2.54699,0.00603,kinematic,tablea1.dat:1461
hii_region,3.82842,2.54756,-0.02738,kinematic,tablea1.dat:1462
hii_region,3.82966,2.54832,-0.00302,kinematic,tablea1.dat:1463
hii_region,5.84817,-0.43259,-0.02825,kinematic,tablea1.dat:1467
hii_region,6.05404,-0.74000,-0.03608,kinematic,tablea1.dat:1468
hii_region,6.12117,-0.81545,0.01092,kinematic,tablea1.dat:1471
hii_region,3.84425,2.58217,0.01335,kinematic,tablea1.dat:1472
hii_region,5.64510,-0.08719,-0.00635,kinematic,tablea1.dat:1479
hii_region,6.26960,-0.98073,0.01036,kinematic,tablea1.dat:1484
hii_region,6.38945,-1.14072,0.08754,kinematic,tablea1.dat:1485
hii_region,6.31795,-1.02001,0.09256,kinematic,tablea1.dat:1486
hii_region,2.01762,5.33083,-0.03709,kinematic,tablea1.dat:1489
hii_region,1.18764,6.55598,0.00530,photometric_or_trigonometric,tablea1.dat:1492
hii_region,5.49222,0.25625,0.03587,kinematic,tablea1.dat:1507
hii_region,0.88134,7.01283,0.00626,photometric_or_trigonometric,tablea1.dat:1508
hii_region,8.52699,-4.06474,0.06396,kinematic,tablea1.dat:1511
hii_region,6.75006,-1.47601,-0.02716,kinematic,tablea1.dat:1513
hii_region,5.83305,-0.12840,0.01216,kinematic,tablea1.dat:1514
hii_region,5.75697,0.00137,0.00353,kinematic,tablea1.dat:1515
hii_region,4.70247,1.52141,0.00288,kinematic,tablea1.dat:1516
hii_region,1.20285,6.56662,-0.02508,photometric_or_trigonometric,tablea1.dat:1517
hii_region,1.75161,5.77985,-0.07479,kinematic,tablea1.dat:1518
hii_region,5.99053,-0.29905,-0.01463,kinematic,tablea1.dat:1519
hii_region,1.20819,6.57015,-0.00066,photometric_or_trigonometric,tablea1.dat:1520
hii_region,1.33167,6.40030,0.01377,photometric_or_trigonometric,tablea1.dat:1521
hii_region,1.21144,6.57252,-0.01834,photometric_or_trigonometric,tablea1.dat:1524
hii_region,1.87789,5.62436,-0.08594,photometric_or_trigonometric,tablea1.dat:1528
hii_region,0.82864,7.12096,0.29005,kinematic,tablea1.dat:1532
hii_region,1.26197,6.51038,-0.02828,photometric_or_trigonometric,tablea1.dat:1534
hii_region,1.88377,5.62899,-0.09986,photometric_or_trigonometric,tablea1.dat:1535
hii_region,6.29819,-0.60844,0.02323,kinematic,tablea1.dat:1549
hii_region,5.07131,1.13383,0.12734,kinematic,tablea1.dat:1552
hii_region,1.89077,5.63410,-0.10425,photometric_or_trigonometric,tablea1.dat:1553
hii_region,5.76803,0.19258,-0.04515,kinematic,tablea1.dat:1556
hii_region,2.89557,4.23606,0.01219,kinematic,tablea1.dat:1558
hii_region,5.65811,0.35971,0.00000,kinematic,tablea1.dat:1560
hii_region,5.78960,0.19555,0.00087,kinematic,tablea1.dat:1561
hii_region,1.22750,6.58380,0.00236,photometric_or_trigonometric,tablea1.dat:1563
hii_region,1.22788,6.58416,-0.01801,photometric_or_trigonometric,tablea1.dat:1568
hii_region,1.22837,6.58442,-0.00122,photometric_or_trigonometric,tablea1.dat:1570
hii_region,1.23017,6.58571,-0.00110,photometric_or_trigonometric,tablea1.dat:1579
hii_region,1.23033,6.58611,-0.03119,photometric_or_trigonometric,tablea1.dat:1582
hii_region,3.10797,3.98228,0.01448,kinematic,tablea1.dat:1583
hii_region,4.75788,1.79418,-0.02279,kinematic,tablea1.dat:1585
hii_region,2.88803,4.36684,0.06251,kinematic,tablea1.dat:1586
hii_region,1.06488,6.84975,-0.05296,photometric_or_trigonometric,tablea1.dat:1587
hii_region,2.15411,5.37824,0.00127,kinematic,tablea1.dat:1591
hii_region,5.17587,1.29474,-0.02721,kinematic,tablea1.dat:1593
hii_region,9.19172,-3.95559,0.12353,kinematic,tablea1.dat:1594
hii_region,2.34052,5.18056,-0.03247,kinematic,tablea1.dat:1595
hii_region,9.50139,-4.34823,0.13502,kinematic,tablea1.dat:1596
hii_region,6.07801,0.20897,0.08637,kinematic,tablea1.dat:1598
hii_region,4.84076,1.86816,-0.03246,kinematic,tablea1.dat:1599
hii_region,4.73855,2.02906,-0.03347,kinematic,tablea1.dat:1602
hii_region,6.43880,-0.18280,-0.07993,kinematic,tablea1.dat:1603
hii_region,6.29635,0.02258,-0.01507,kinematic,tablea1.dat:1606
hii_region,4.00116,3.05115,0.01901,kinematic,tablea1.dat:1607
hii_region,6.13918,0.25574,0.12134,kinematic,tablea1.dat:1608
hii_region,6.34744,-0.01383,-0.04162,kinematic,tablea1.dat:1609
hii_region,5.80860,0.69441,-0.01119,kinematic,tablea1.dat:1614
hii_region,1.14217,6.80756,0.04980,photometric_or_trigonometric,tablea1.dat:1616
hii_region,5.73873,0.80463,-0.00659,kinematic,tablea1.dat:1619
hii_region,5.49083,1.13127,-0.03231,kinematic,tablea1.dat:1621
hii_region,5.68168,0.88692,-0.01712,kinematic,tablea1.dat:1622
hii_region,0.52334,7.61761,0.00770,kinematic,tablea1.dat:1625
hii_region,5.93445,0.57669,-0.01921,kinematic,tablea1.dat:1629
hii_region,4.34567,2.64744,0.02501,kinematic,tablea1.dat:1634
hii_region,5.89269,0.65812,-0.01903,kinematic,tablea1.dat:1637
hii_region,4.01509,3.09964,0.01514,kinematic,tablea1.dat:1641
hii_region,5.95673,0.60650,-0.01851,kinematic,tablea1.dat:1643
hii_region,7.12667,-0.90257,0.11377,kinematic,tablea1.dat:1646
hii_region,5.46254,1.24834,-0.03363,kinematic,tablea1.dat:1647
hii_region,5.51803,1.19030,-0.05953,kinematic,tablea1.dat:1653
hii_region,7.06368,-0.79988,0.08324,kinematic,tablea1.dat:1655
hii_region,6.02148,0.55615,-0.10290,kinematic,tablea1.dat:1657
hii_region,5.62920,1.06142,-0.06386,kinematic,tablea1.dat:1659
hii_region,5.68903,1.03172,-0.00677,kinematic,tablea1.dat:1670
hii_region,4.35818,2.74580,-0.02797,kinematic,tablea1.dat:1672
hii_region,6.85514,-0.30268,0.03129,kinematic,tablea1.dat:1679
hii_region,2.74138,4.87121,-0.01739,kinematic,tablea1.dat:1680
hii_region,10.16807,-4.41409,0.02472,kinematic,tablea1.dat:1682
hii_region,2.11941,5.65435,-0.02704,kinematic,tablea1.dat:1683
hii_region,5.57551,1.35008,-0.02177,kinematic,tablea1.dat:1684
hii_region,10.42280,-4.64484,0.14416,kinematic,tablea1.dat:1685
hii_region,5.42124,1.57250,-0.02051,kinematic,tablea1.dat:1686
hii_region,8.66108,-2.44338,0.07418,kinematic,tablea1.dat:1687
hii_region,5.78033,1.20731,-0.06340,kinematic,tablea1.dat:1691
hii_region,9.03698,-2.78241,0.05641,kinematic,tablea1.dat:1693
hii_region,7.05089,-0.33755,-0.01031,kinematic,tablea1.dat:1694
hii_region,5.33025,1.80785,-0.02053,kinematic,tablea1.dat:1703
hii_region,2.28920,5.52229,-0.06233,kinematic,tablea1.dat:1704
hii_region,5.78110,1.29843,-0.05784,kinematic,tablea1.dat:1705
hii_region,5.63711,1.51681,-0.06096,kinematic,tablea1.dat:1708
hii_region,10.30718,-4.04081,0.18101,kinematic,tablea1.dat:1712
hii_region,5.56462,1.63842,-0.02681,kinematic,tablea1.dat:1713
hii_region,5.64265,1.54740,-0.05314,kinematic,tablea1.dat:1714
hii_region,1.34679,6.68948,-0.04878,photometric_or_trigonometric,tablea1.dat:1717
hii_region,5.14101,2.15774,-0.05242,kinematic,tablea1.dat:1720
hii_region,1.14112,6.94775,0.04664,kinematic,tablea1.dat:1721
hii_region,7.31973,-0.29457,0.13793,kinematic,tablea1.dat:1722
hii_region,1.19391,6.90231,0.08145,kinematic,tablea1.dat:1724
hii_region,2.95398,4.85292,-0.05681,kinematic,tablea1.dat:1735
hii_region,6.66676,0.52753,-0.02448,kinematic,tablea1.dat:1736
hii_region,5.12737,2.35590,-0.01685,kinematic,tablea1.dat:1737
hii_region,2.76549,5.11272,-0.04176,kinematic,tablea1.dat:1738
hii_region,5.54776,1.93958,-0.03138,kinematic,tablea1.dat:1739
hii_region,5.18319,2.36510,-0.07674,kinematic,tablea1.dat:1742
hii_region,3.47364,4.33698,0.03376,kinematic,tablea1.dat:1743
hii_region,2.72347,5.20854,0.00266,kinematic,tablea1.dat:1745
hii_region,5.55438,2.02522,-0.02033,kinematic,tablea1.dat:1747
hii_region,7.31778,0.03370,0.00636,kinematic,tablea1.dat:1748
hii_region,7.51632,-0.12429,0.01970,kinematic,tablea1.dat:1752
hii_region,7.34317,0.11044,0.09465,kinematic,tablea1.dat:1754
hii_region,7.26003,0.20999,-0.02334,kinematic,tablea1.dat:1755
hii_region,7.14970,0.33936,0.00542,kinematic,tablea1.dat:1756
hii_region,10.36705,-3.20893,0.09435,kinematic,tablea1.dat:1757
hii_region,7.30680,0.19835,0.04494,kinematic,tablea1.dat:1758
hii_region,7.13936,0.39761,0.06580,kinematic,tablea1.dat:1759
hii_region,5.06220,2.69912,-0.08209,kinematic,tablea1.dat:1760
hii_region,5.69956,1.99439,-0.06527,kinematic,tablea1.dat:1764
hii_region,6.27671,1.36998,-0.01289,kinematic,tablea1.dat:1766
hii_region,4.13158,3.74494,-0.06301,kinematic,tablea1.dat:1768
hii_region,3.22984,4.76288,-0.03177,kinematic,tablea1.dat:1769
hii_region,3.44094,4.53578,-0.02350,photometric_or_trigonometric,tablea1.dat:1770
hii_region,4.81641,3.05631,-0.01777,kinematic,tablea1.dat:1774
hii_region,7.60094,0.19704,0.00039,photometric_or_trigonometric,tablea1.dat:1776
hii_region,5.41958,2.52510,-0.07188,kinematic,tablea1.dat:1789
hii_region,7.60970,0.20528,-0.01047,photometric_or_trigonometric,tablea1.dat:1794
hii_region,7.52175,0.30106,0.02549,kinematic,tablea1.dat:1801
hii_region,5.24677,2.73285,-0.02764,kinematic,tablea1.dat:1802
hii_region,8.73768,-0.92950,0.11557,kinematic,tablea1.dat:1803
hii_region,4.14816,3.96496,0.01194,kinematic,tablea1.dat:1805
hii_region,4.14367,3.97449,0.00732,kinematic,tablea1.dat:1806
hii_region,4.16593,3.95429,-0.01261,photometric_or_trigonometric,tablea1.dat:1807
hii_region,8.62673,-0.69021,0.08546,kinematic,tablea1.dat:1810
hii_region,5.72592,2.34781,-0.11389,photometric_or_trigonometric,tablea1.dat:1811
hii_region,10.27032,-2.37020,0.05945,kinematic,tablea1.dat:1816
hii_region,9.12793,-1.16315,0.22835,kinematic,tablea1.dat:1817
hii_region,4.54282,3.59528,-0.00137,kinematic,tablea1.dat:1818
hii_region,5.10212,3.06509,0.01276,kinematic,tablea1.dat:1819
hii_region,4.80795,3.37982,-0.09930,kinematic,tablea1.dat:1820
hii_region,11.60342,-3.54200,0.15510,kinematic,tablea1.dat:1821
hii_region,4.93492,3.26537,-0.03901,kinematic,tablea1.dat:1822
hii_region,10.63280,-2.51964,0.08870,kinematic,tablea1.dat:1823
hii_region,11.14778,-3.03693,0.10517,kinematic,tablea1.dat:1824
hii_region,5.14719,3.06730,-0.02998,kinematic,tablea1.dat:1825
hii_region,5.95248,2.30289,-0.07226,kinematic,tablea1.dat:1827
hii_region,4.15179,4.13689,-0.07440,kinematic,tablea1.dat:1828
hii_region,4.14908,4.14817,-0.06618,kinematic,tablea1.dat:1829
hii_region,4.72639,3.58004,-0.07496,kinematic,tablea1.dat:1830
hii_region,5.48675,2.82664,0.01758,photometric_or_trigonometric,tablea1.dat:1831
hii_region,5.18729,3.13530,0.01738,kinematic,tablea1.dat:1832
hii_region,4.15015,4.17729,-0.04482,kinematic,tablea1.dat:1840
hii_region,10.08164,-1.71255,0.18303,kinematic,tablea1.dat:1842
hii_region,5.42390,2.94870,-0.09655,kinematic,tablea1.dat:1843
hii_region,5.98626,2.40724,0.00880,photometric_or_trigonometric,tablea1.dat:1844
hii_region,4.72641,3.65050,0.00579,kinematic,tablea1.dat:1853
hii_region,5.10467,3.27927,0.01625,kinematic,tablea1.dat:1854
hii_region,5.06059,3.33426,-0.00074,kinematic,tablea1.dat:1859
hii_region,7.63461,0.83173,-0.00317,kinematic,tablea1.dat:1861
hii_region,4.78368,3.65197,-0.03376,kinematic,tablea1.dat:1864
hii_region,4.14559,4.28685,-0.04028,kinematic,tablea1.dat:1868
hii_region,7.76268,0.84961,0.10066,kinematic,tablea1.dat:1874
hii_region,7.91081,0.71513,0.10234,kinematic,tablea1.dat:1875
hii_region,7.78913,0.83388,0.10320,kinematic,tablea1.dat:1877
hii_region,3.48148,4.99562,-0.02069,kinematic,tablea1.dat:1878
hii_region,10.75618,-1.74857,0.09608,kinematic,tablea1.dat:1888
hii_region,4.53642,4.07386,0.02510,kinematic,tablea1.dat:1889
hii_region,11.55798,-2.44259,0.13550,kinematic,tablea1.dat:1890
hii_region,11.76423,-2.63199,0.13454,kinematic,tablea1.dat:1891
hii_region,7.12882,1.97541,0.01963,kinematic,tablea1.dat:1892
hii_region,6.99326,2.12398,-0.00016,kinematic,tablea1.dat:1893
hii_region,8.06320,1.19034,0.00788,photometric_or_trigonometric,tablea1.dat:1894
hii_region,8.06884,1.19687,0.04259,photometric_or_trigonometric,tablea1.dat:1905
hii_region,3.92781,4.87717,-0.02601,photometric_or_trigonometric,tablea1.dat:1909
hii_region,3.93181,4.88177,-0.02682,photometric_or_trigonometric,tablea1.dat:1917
hii_region,2.40867,6.20935,-0.06002,kinematic,tablea1.dat:1922
hii_region,3.93557,4.88609,-0.02364,photometric_or_trigonometric,tablea1.dat:1923
hii_region,3.93648,4.88722,-0.03428,photometric_or_trigonometric,tablea1.dat:1925
hii_region,4.10819,4.74927,-0.00625,kinematic,tablea1.dat:1929
hii_region,3.94411,4.89602,-0.03137,photometric_or_trigonometric,tablea1.dat:1930
hii_region,4.10077,4.77129,-0.00519,kinematic,tablea1.dat:1939
hii_region,3.95480,4.90841,-0.02710,photometric_or_trigonometric,tablea1.dat:1940
hii_region,4.09985,4.78588,-0.04609,kinematic,tablea1.dat:1948
hii_region,3.95620,4.90997,-0.01755,photometric_or_trigonometric,tablea1.dat:1949
hii_region,3.95786,4.91213,-0.04228,photometric_or_trigonometric,tablea1.dat:1951
hii_region,3.96080,4.91548,-0.03464,photometric_or_trigonometric,tablea1.dat:1953
hii_region,4.09885,4.80012,-0.04892,kinematic,tablea1.dat:1967
hii_region,3.96647,4.92212,-0.03474,photometric_or_trigonometric,tablea1.dat:1968
hii_region,3.96678,4.92257,-0.04146,photometric_or_trigonometric,tablea1.dat:1973
hii_region,4.09358,4.82470,-0.04218,kinematic,tablea1.dat:1975
hii_region,4.09575,4.82704,-0.01612,kinematic,tablea1.dat:1977
hii_region,4.08996,4.83612,-0.05763,kinematic,tablea1.dat:1978
hii_region,7.70209,1.79768,0.06439,kinematic,tablea1.dat:1979
hii_region,4.08445,4.87566,-0.00707,kinematic,tablea1.dat:1983
hii_region,4.08530,4.87676,-0.02549,kinematic,tablea1.dat:1986
hii_region,7.99101,1.61350,0.10384,kinematic,tablea1.dat:1987
hii_region,4.08253,4.88950,-0.06221,kinematic,tablea1.dat:1988
hii_region,2.70503,6.04793,-0.03729,kinematic,tablea1.dat:1992
hii_region,4.08142,4.90335,0.03021,kinematic,tablea1.dat:1993
hii_region,7.17625,2.33793,-0.06351,kinematic,tablea1.dat:1994
hii_region,6.44806,2.94862,0.09799,kinematic,tablea1.dat:1996
hii_region,4.07292,4.94123,0.09150,kinematic,tablea1.dat:1999
hii_region,4.06973,4.95184,0.00414,kinematic,tablea1.dat:2000
hii_region,4.35424,4.74687,0.01648,kinematic,tablea1.dat:2002
hii_region,5.14980,4.10845,0.00939,kinematic,tablea1.dat:2003
hii_region,5.01682,4.24615,0.01824,kinematic,tablea1.dat:2004
hii_region,4.78252,4.45022,-0.07962,kinematic,tablea1.dat:2005
hii_region,4.05255,5.04167,-0.00908,kinematic,tablea1.dat:2006
hii_region,4.04613,5.06562,-0.00009,kinematic,tablea1.dat:2008
hii_region,4.04790,5.06883,-0.08046,kinematic,tablea1.dat:2011
hii_region,5.05542,4.29456,-0.04019,kinematic,tablea1.dat:2013
hii_region,4.04050,5.10683,-0.02301,kinematic,tablea1.dat:2015
hii_region,7.63381,2.28458,0.13469,kinematic,tablea1.dat:2016
hii_region,7.77714,2.17538,0.12319,kinematic,tablea1.dat:2017
hii_region,3.36364,5.65507,0.09292,kinematic,tablea1.dat:2018
hii_region,7.51544,2.39188,0.07692,kinematic,tablea1.dat:2019
hii_region,3.13995,5.85544,0.07238,photometric_or_trigonometric,tablea1.dat:2020
hii_region,7.32811,2.60754,0.11435,kinematic,tablea1.dat:2022
hii_region,7.27680,2.65574,0.12088,kinematic,tablea1.dat:2023
hii_region,7.77005,2.28009,0.12627,kinematic,tablea1.dat:2024
hii_region,4.01598,5.18937,-0.04770,kinematic,tablea1.dat:2028
hii_region,7.34585,2.61408,0.11350,kinematic,tablea1.dat:2029
hii_region,4.00862,5.21261,-0.05122,kinematic,tablea1.dat:2030
hii_region,4.00788,5.22876,-0.08311,kinematic,tablea1.dat:2031
hii_region,6.91741,3.04045,0.05081,kinematic,tablea1.dat:2033
hii_region,3.99238,5.27423,-0.07581,kinematic,tablea1.dat:2038
hii_region,3.99273,5.27429,-0.05780,kinematic,tablea1.dat:2039
hii_region,3.98893,5.28560,-0.04241,kinematic,tablea1.dat:2040
hii_region,3.98981,5.28690,-0.05131,kinematic,tablea1.dat:2041
hii_region,7.61028,2.56379,0.02196,kinematic,tablea1.dat:2043
hii_region,7.64381,2.55857,0.04288,kinematic,tablea1.dat:2046
hii_region,7.21306,2.90080,0.02437,kinematic,tablea1.dat:2048
hii_region,7.38144,2.77536,0.03363,kinematic,tablea1.dat:2052
hii_region,1.12598,7.46803,0.00024,photometric_or_trigonometric,tablea1.dat:2053
hii_region,5.86189,3.98298,0.00254,kinematic,tablea1.dat:2056
hii_region,4.75122,4.80209,0.02420,kinematic,tablea1.dat:2059
hii_region,3.95521,5.40755,-0.00487,kinematic,tablea1.dat:2061
hii_region,3.94590,5.42872,0.00273,kinematic,tablea1.dat:2062
hii_region,3.94450,5.44382,-0.00561,kinematic,tablea1.dat:2064
hii_region,5.35421,4.47679,0.10910,kinematic,tablea1.dat:2071
hii_region,3.91228,5.53723,0.07256,kinematic,tablea1.dat:2072
hii_region,13.51453,-1.12296,0.69686,kinematic,tablea1.dat:2073
hii_region,3.89021,5.59200,-0.02465,kinematic,tablea1.dat:2078
hii_region,3.71588,5.77943,-0.29823,photometric_or_trigonometric,tablea1.dat:2080
hii_region,3.84213,5.71645,-0.01438,kinematic,tablea1.dat:2081
hii_region,7.54154,3.24318,0.01204,kinematic,tablea1.dat:2082
hii_region,3.83315,5.73897,-0.01287,kinematic,tablea1.dat:2083
hii_region,4.52919,5.28728,-0.06010,kinematic,tablea1.dat:2084
hii_region,7.58105,3.26679,0.06702,kinematic,tablea1.dat:2086
hii_region,7.80716,3.19192,-0.06790,kinematic,tablea1.dat:2087
hii_region,6.92732,3.89378,-0.03955,kinematic,tablea1.dat:2089
hii_region,3.69916,6.03048,0.03280,kinematic,tablea1.dat:2092
hii_region,3.67666,6.07070,0.04878,kinematic,tablea1.dat:2093
hii_region,4.31773,5.71968,-0.00974,kinematic,tablea1.dat:2095
hii_region,3.63941,6.14423,-0.01550,kinematic,tablea1.dat:2096
hii_region,3.62709,6.16271,-0.01675,kinematic,tablea1.dat:2098
hii_region,1.98233,7.13367,-0.00727,photometric_or_trigonometric,tablea1.dat:2099
hii_region,3.62209,6.17493,0.06744,kinematic,tablea1.dat:2102
hii_region,5.04526,5.35875,-0.00275,kinematic,tablea1.dat:2106
hii_region,1.86653,7.21296,0.00241,photometric_or_trigonometric,tablea1.dat:2107
hii_region,7.18177,4.11944,0.03437,kinematic,tablea1.dat:2108
hii_region,3.60495,6.20456,0.04883,kinematic,tablea1.dat:2112
hii_region,7.93294,3.72029,0.01855,kinematic,tablea1.dat:2113
hii_region,1.92207,7.22966,-0.00488,photometric_or_trigonometric,tablea1.dat:2116
hii_region,7.81434,4.01964,-0.05178,kinematic,tablea1.dat:2124
hii_region,1.93285,7.24924,0.00346,photometric_or_trigonometric,tablea1.dat:2125
hii_region,12.47729,1.58729,0.21367,kinematic,tablea1.dat:2137
hii_region,11.91032,2.11968,0.55935,kinematic,tablea1.dat:2140
hii_region,3.37241,6.57165,0.06165,kinematic,tablea1.dat:2141
hii_region,1.95918,7.29920,0.00323,photometric_or_trigonometric,tablea1.dat:2142
hii_region,7.05978,4.71062,-0.04700,kinematic,tablea1.dat:2144
hii_region,4.10287,6.22029,0.03533,kinematic,tablea1.dat:2145
hii_region,4.43364,6.05428,0.02186,kinematic,tablea1.dat:2147
hii_region,1.96321,7.30728,0.01766,photometric_or_trigonometric,tablea1.dat:2148
hii_region,2.12188,7.24660,0.06977,kinematic,tablea1.dat:2159
hii_region,7.41523,4.69456,0.63878,kinematic,tablea1.dat:2160
hii_region,3.50623,6.59596,0.11230,photometric_or_trigonometric,tablea1.dat:2162
hii_region,3.50935,6.59898,-0.03199,photometric_or_trigonometric,tablea1.dat:2163
hii_region,10.46357,3.23022,0.26061,kinematic,tablea1.dat:2173
hii_region,3.50795,6.65899,0.45975,photometric_or_trigonometric,tablea1.dat:2174
hii_region,3.56025,6.70847,0.04064,photometric_or_trigonometric,tablea1.dat:2177
hii_region,11.41944,3.36050,0.44753,kinematic,tablea1.dat:2180
hii_region,3.01351,7.00592,0.04975,kinematic,tablea1.dat:2182
hii_region,3.58605,6.76820,0.06194,photometric_or_trigonometric,tablea1.dat:2183
hii_region,2.06080,7.42354,-0.05004,kinematic,tablea1.dat:2185
hii_region,3.34081,6.95998,0.05768,photometric_or_trigonometric,tablea1.dat:2188
hii_region,1.58807,7.66662,-0.03071,kinematic,tablea1.dat:2192
hii_region,2.74737,7.25911,0.10999,kinematic,tablea1.dat:2193
hii_region,2.20143,7.47867,-0.04019,photometric_or_trigonometric,tablea1.dat:2194
hii_region,10.47004,4.47721,0.29518,kinematic,tablea1.dat:2197
hii_region,6.58109,5.92417,0.21133,photometric_or_trigonometric,tablea1.dat:2203
hii_region,6.58772,5.94125,0.19545,photometric_or_trigonometric,tablea1.dat:2205
hii_region,6.58899,5.94469,0.19423,photometric_or_trigonometric,tablea1.dat:2221
hii_region,2.51949,7.44779,0.03844,kinematic,tablea1.dat:2226
hii_region,2.65367,7.41739,0.13795,photometric_or_trigonometric,tablea1.dat:2228
hii_region,2.45999,7.49063,0.03833,kinematic,tablea1.dat:2232
hii_region,2.45158,7.49832,0.05907,kinematic,tablea1.dat:2233
hii_region,6.82734,6.14787,-0.14620,kinematic,tablea1.dat:2234
hii_region,1.52800,7.86289,-0.04750,photometric_or_trigonometric,tablea1.dat:2236
hii_region,7.40355,6.19370,0.20237,kinematic,tablea1.dat:2237
hii_region,9.02943,5.83897,0.14914,kinematic,tablea1.dat:2238
hii_region,2.99087,7.48538,0.03322,photometric_or_trigonometric,tablea1.dat:2239
hii_region,8.94464,5.95258,0.21357,photometric_or_trigonometric,tablea1.dat:2244
hii_region,3.35729,7.42317,-0.02562,kinematic,tablea1.dat:2245
hii_region,1.16052,7.99900,0.05088,photometric_or_trigonometric,tablea1.dat:2246
hii_region,3.40220,7.43703,0.02107,photometric_or_trigonometric,tablea1.dat:2248
hii_region,3.78131,7.34557,0.02736,kinematic,tablea1.dat:2256
hii_region,6.52460,6.69161,-0.03296,kinematic,tablea1.dat:2267
hii_region,2.33061,7.72707,0.00402,photometric_or_trigonometric,tablea1.dat:2271
hii_region,1.26338,7.99396,-0.01414,photometric_or_trigonometric,tablea1.dat:2274
hii_region,2.53200,7.73357,-0.16778,photometric_or_trigonometric,tablea1.dat:2292
hii_region,3.33803,7.55851,-0.06458,kinematic,tablea1.dat:2294
hii_region,2.49938,7.74892,0.05509,kinematic,tablea1.dat:2295
hii_region,10.21571,6.05487,0.10150,kinematic,tablea1.dat:2296
hii_region,2.70756,7.72084,0.08126,kinematic,tablea1.dat:2298
hii_region,3.30586,7.59593,-0.00018,kinematic,tablea1.dat:2299
hii_region,1.68252,7.94335,0.01822,kinematic,tablea1.dat:2305
hii_region,1.60166,7.96312,0.10392,photometric_or_trigonometric,tablea1.dat:2309
hii_region,1.46728,7.99205,0.04753,photometric_or_trigonometric,tablea1.dat:2310
hii_region,3.25960,7.62093,0.05248,kinematic,tablea1.dat:2318
hii_region,2.28094,7.82764,0.05579,kinematic,tablea1.dat:2319
hii_region,4.14811,7.44119,0.18221,kinematic,tablea1.dat:2320
hii_region,3.36472,7.60461,0.16936,kinematic,tablea1.dat:2322
hii_region,2.45705,7.79300,0.07731,kinematic,tablea1.dat:2323
hii_region,3.03510,7.67422,0.08093,kinematic,tablea1.dat:2324
hii_region,2.03497,7.88117,0.09940,kinematic,tablea1.dat:2325
hii_region,5.63637,7.14035,0.25326,kinematic,tablea1.dat:2326
hii_region,3.70352,7.54348,-0.00284,kinematic,tablea1.dat:2330
hii_region,4.48805,7.38690,-0.00799,kinematic,tablea1.dat:2331
hii_region,3.32121,7.62441,0.07236,kinematic,tablea1.dat:2332
hii_region,3.11733,7.67353,0.04701,kinematic,tablea1.dat:2335
hii_region,5.52625,7.19103,0.20087,kinematic,tablea1.dat:2336
hii_region,3.65783,7.57089,-0.03945,kinematic,tablea1.dat:2338
hii_region,3.26727,7.65804,0.04126,photometric_or_trigonometric,tablea1.dat:2339
hii_region,1.56062,7.99594,0.00988,kinematic,tablea1.dat:2342
hii_region,2.34524,7.84952,0.09500,kinematic,tablea1.dat:2343
hii_region,1.60724,7.99131,0.10538,kinematic,tablea1.dat:2344
hii_region,2.70088,7.78268,-0.01234,kinematic,tablea1.dat:2345
hii_region,3.05516,7.71852,-0.00331,kinematic,tablea1.dat:2346
hii_region,2.59349,7.80691,0.01576,kinematic,tablea1.dat:2347
hii_region,6.82725,7.00911,0.15719,kinematic,tablea1.dat:2349
hii_region,1.50364,8.01724,0.00013,kinematic,tablea1.dat:2364
hii_region,1.49282,8.02111,0.06410,kinematic,tablea1.dat:2366
hii_region,1.37651,8.04463,0.00367,photometric_or_trigonometric,tablea1.dat:2368
hii_region,1.33803,8.05768,0.02350,photometric_or_trigonometric,tablea1.dat:2370
hii_region,5.09702,7.38290,0.10848,kinematic,tablea1.dat:2371
hii_region,3.28744,7.70980,0.00431,kinematic,tablea1.dat:2372
hii_region,1.58458,8.01697,0.03313,photometric_or_trigonometric,tablea1.dat:2373
hii_region,1.43588,8.04384,0.06501,kinematic,tablea1.dat:2374
hii_region,4.16471,7.56243,0.06393,kinematic,tablea1.dat:2375
hii_region,1.41804,8.04950,-0.00070,kinematic,tablea1.dat:2377
hii_region,4.35136,7.53274,0.11570,kinematic,tablea1.dat:2378
hii_region,2.76577,7.81426,0.10336,kinematic,tablea1.dat:2379
hii_region,1.40873,8.05426,-0.00232,kinematic,tablea1.dat:2380
hii_region,1.38928,8.05998,0.01986,kinematic,tablea1.dat:2382
hii_region,8.86061,6.78543,0.12552,kinematic,tablea1.dat:2383
hii_region,8.99999,6.76904,0.11489,kinematic,tablea1.dat:2384
hii_region,1.37034,8.06731,0.01089,kinematic,tablea1.dat:2388
hii_region,1.56869,8.04126,0.01893,kinematic,tablea1.dat:2391
hii_region,1.44151,8.06859,0.01045,photometric_or_trigonometric,tablea1.dat:2393
hii_region,1.29350,8.09281,-0.00457,kinematic,tablea1.dat:2399
hii_region,2.62679,7.88104,-0.00604,kinematic,tablea1.dat:2400
hii_region,2.02224,7.98658,-0.62603,kinematic,tablea1.dat:2405
hii_region,1.24511,8.10843,0.02469,kinematic,tablea1.dat:2406
hii_region,1.23548,8.11187,0.02618,kinematic,tablea1.dat:2410
hii_region,1.20668,8.12022,-0.00079,kinematic,tablea1.dat:2413
hii_region,2.81722,7.88153,0.10314,kinematic,tablea1.dat:2415
hii_region,1.48415,8.08298,0.01414,photometric_or_trigonometric,tablea1.dat:2416
hii_region,2.31552,7.97606,0.09513,kinematic,tablea1.dat:2431
hii_region,1.60387,8.08249,0.06854,kinematic,tablea1.dat:2432
hii_region,2.06967,8.02385,0.09116,kinematic,tablea1.dat:2433
hii_region,3.09034,7.89063,0.12897,kinematic,tablea1.dat:2434
hii_region,3.54003,7.83910,0.02561,kinematic,tablea1.dat:2435
hii_region,2.08417,8.07296,0.12118,photometric_or_trigonometric,tablea1.dat:2438
hii_region,2.57529,8.02664,0.03530,kinematic,tablea1.dat:2442
hii_region,2.83588,7.99943,-0.40231,kinematic,tablea1.dat:2443
hii_region,0.74552,8.23215,-0.04579,kinematic,tablea1.dat:2445
hii_region,2.98125,8.02937,0.19731,photometric_or_trigonometric,tablea1.dat:2446
hii_region,0.71731,8.23789,-0.00229,kinematic,tablea1.dat:2450
hii_region,0.69752,8.24116,-0.00090,kinematic,tablea1.dat:2451
hii_region,5.27177,7.86121,0.00037,kinematic,tablea1.dat:2452
hii_region,9.16425,7.56427,0.33953,kinematic,tablea1.dat:2455
hii_region,0.99675,8.22138,-0.01728,photometric_or_trigonometric,tablea1.dat:2456
hii_region,0.58804,8.25775,0.02285,kinematic,tablea1.dat:2457
hii_region,1.82587,8.21996,-0.28685,kinematic,tablea1.dat:2458
hii_region,0.89719,8.26240,-0.06027,photometric_or_trigonometric,tablea1.dat:2459
hii_region,1.12818,8.26183,0.05148,kinematic,tablea1.dat:2462
hii_region,0.83611,8.28803,-0.72998,kinematic,tablea1.dat:2463
hii_region,8.37644,8.28977,0.24407,kinematic,tablea1.dat:2464
hii_region,6.29596,8.32527,0.22426,photometric_or_trigonometric,tablea1.dat:2466
hii_region,0.66944,8.30245,0.02717,photometric_or_trigonometric,tablea1.dat:2468
hii_region,6.29711,8.32528,0.18910,photometric_or_trigonometric,tablea1.dat:2469
hii_region,1.74771,8.32373,0.08634,kinematic,tablea1.dat:2472
hii_region,2.40468,8.34785,-0.26766,kinematic,tablea1.dat:2473
hii_region,1.62586,8.37642,0.08750,photometric_or_trigonometric,tablea1.dat:2474
hii_region,6.80209,8.66363,0.33434,photometric_or_trigonometric,tablea1.dat:2475
hii_region,6.91579,8.68181,0.22590,kinematic,tablea1.dat:2477
hii_region,6.48288,8.73718,0.17627,kinematic,tablea1.dat:2478
hii_region,0.89324,8.36864,-0.08609,photometric_or_trigonometric,tablea1.dat:2479
hii_region,4.96441,8.68748,-0.06988,kinematic,tablea1.dat:2482
hii_region,3.76709,8.59515,-0.10159,photometric_or_trigonometric,tablea1.dat:2483
hii_region,3.93536,8.61663,-0.12338,photometric_or_trigonometric,tablea1.dat:2485
hii_region,2.35115,8.49413,-0.06342,photometric_or_trigonometric,tablea1.dat:2486
hii_region,4.51104,8.69474,-0.12483,kinematic,tablea1.dat:2487
hii_region,8.74473,9.07337,0.60957,kinematic,tablea1.dat:2488
hii_region,4.82864,8.74768,-0.07931,photometric_or_trigonometric,tablea1.dat:2489
hii_region,0.38123,8.33597,0.11561,photometric_or_trigonometric,tablea1.dat:2490
hii_region,9.35425,9.22543,0.03937,photometric_or_trigonometric,tablea1.dat:2492
hii_region,9.32470,9.28336,0.66553,photometric_or_trigonometric,tablea1.dat:2493
hii_region,9.89979,9.39137,0.45157,photometric_or_trigonometric,tablea1.dat:2494
hii_region,9.63157,9.36283,0.43951,photometric_or_trigonometric,tablea1.dat:2498
hii_region,8.82650,9.27290,-0.02635,photometric_or_trigonometric,tablea1.dat:2500
hii_region,7.32275,9.11633,0.16682,kinematic,tablea1.dat:2501
hii_region,7.06332,9.09665,0.16416,kinematic,tablea1.dat:2502
hii_region,7.03193,9.10641,0.16767,kinematic,tablea1.dat:2503
hii_region,7.44661,9.25591,0.42961,kinematic,tablea1.dat:2504
hii_region,7.17903,9.22500,0.41039,kinematic,tablea1.dat:2505
hii_region,9.30496,9.52766,0.52014,photometric_or_trigonometric,tablea1.dat:2507
hii_region,6.04481,9.11299,0.09624,kinematic,tablea1.dat:2512
hii_region,6.37475,9.19988,0.16251,kinematic,tablea1.dat:2513
hii_region,0.58768,8.38783,0.08319,photometric_or_trigonometric,tablea1.dat:2514
hii_region,0.57847,8.39017,0.13129,photometric_or_trigonometric,tablea1.dat:2515
hii_region,7.04920,9.42519,0.14940,kinematic,tablea1.dat:2517
hii_region,1.26284,8.50227,0.16860,photometric_or_trigonometric,tablea1.dat:2518
hii_region,0.88631,8.44498,0.05855,photometric_or_trigonometric,tablea1.dat:2519
hii_region,6.03129,9.38107,0.17800,kinematic,tablea1.dat:2520
hii_region,3.39688,8.92161,-0.21545,photometric_or_trigonometric,tablea1.dat:2521
hii_region,6.09943,9.48649,0.27858,kinematic,tablea1.dat:2522
hii_region,6.50131,9.56502,0.29937,kinematic,tablea1.dat:2523
hii_region,4.77435,9.23669,0.21243,photometric_or_trigonometric,tablea1.dat:2524
hii_region,5.14052,9.33838,0.24365,photometric_or_trigonometric,tablea1.dat:2525
hii_region,8.36523,10.12652,0.55055,kinematic,tablea1.dat:2526
hii_region,3.35325,9.06646,-0.04329,photometric_or_trigonometric,tablea1.dat:2527
hii_region,0.57634,8.43380,0.09965,photometric_or_trigonometric,tablea1.dat:2532
hii_region,1.16728,8.57441,0.04653,kinematic,tablea1.dat:2534
hii_region,1.16405,8.58635,0.05464,photometric_or_trigonometric,tablea1.dat:2535
hii_region,1.60101,8.69550,0.05344,kinematic,tablea1.dat:2536
hii_region,1.16109,8.60179,0.02806,photometric_or_trigonometric,tablea1.dat:2537
hii_region,0.84906,8.53754,0.12156,photometric_or_trigonometric,tablea1.dat:2540
hii_region,0.84536,8.53269,0.15271,photometric_or_trigonometric,tablea1.dat:2542
hii_region,4.51922,9.55397,0.01866,kinematic,tablea1.dat:2543
hii_region,2.92767,9.11852,0.01857,photometric_or_trigonometric,tablea1.dat:2544
hii_region,3.09834,9.17674,0.00506,photometric_or_trigonometric,tablea1.dat:2546
hii_region,3.86713,9.39801,0.00975,kinematic,tablea1.dat:2548
hii_region,0.72460,8.51822,0.07020,photometric_or_trigonometric,tablea1.dat:2549
hii_region,7.97022,10.70787,0.48299,photometric_or_trigonometric,tablea1.dat:2555
hii_region,3.32423,9.32788,-0.05788,photometric_or_trigonometric,tablea1.dat:2557
hii_region,3.53171,9.39933,-0.09234,photometric_or_trigonometric,tablea1.dat:2562
hii_region,4.56973,9.75681,-0.18786,kinematic,tablea1.dat:2564
hii_region,0.71945,8.53265,0.07654,photometric_or_trigonometric,tablea1.dat:2565
hii_region,4.09834,9.63400,-0.01354,kinematic,tablea1.dat:2567
hii_region,0.89336,8.59234,-0.00623,kinematic,tablea1.dat:2568
hii_region,4.18923,9.67711,0.04456,photometric_or_trigonometric,tablea1.dat:2569
hii_region,4.44441,9.76237,-0.10520,kinematic,tablea1.dat:2579
hii_region,2.97983,9.28837,-0.05754,photometric_or_trigonometric,tablea1.dat:2580
hii_region,2.97003,9.28615,-0.05774,photometric_or_trigonometric,tablea1.dat:2582
hii_region,5.18059,10.02135,-0.10005,photometric_or_trigonometric,tablea1.dat:2586
hii_region,3.06759,9.33117,-0.15545,photometric_or_trigonometric,tablea1.dat:2588
hii_region,2.34096,9.08764,0.02125,photometric_or_trigonometric,tablea1.dat:2590
hii_region,2.26272,9.06853,-0.03971,photometric_or_trigonometric,tablea1.dat:2591
hii_region,4.35390,9.78219,-0.08189,photometric_or_trigonometric,tablea1.dat:2600
hii_region,0.71506,8.54426,0.08142,photometric_or_trigonometric,tablea1.dat:2602
hii_region,1.39907,8.78092,0.04132,photometric_or_trigonometric,tablea1.dat:2604
hii_region,3.73253,9.59236,-0.02385,kinematic,tablea1.dat:2606
hii_region,2.82886,9.29842,-0.02670,photometric_or_trigonometric,tablea1.dat:2607
hii_region,0.47927,8.47268,0.02402,kinematic,tablea1.dat:2608
hii_region,0.65786,8.53780,0.02583,photometric_or_trigonometric,tablea1.dat:2609
hii_region,2.81925,9.32557,-0.00419,photometric_or_trigonometric,tablea1.dat:2615
hii_region,4.15355,9.81128,-0.02183,kinematic,tablea1.dat:2616
hii_region,2.81869,9.32703,0.01414,photometric_or_trigonometric,tablea1.dat:2617
hii_region,4.21672,9.84252,-0.00509,kinematic,tablea1.dat:2618
hii_region,2.51668,9.22127,0.00206,photometric_or_trigonometric,tablea1.dat:2619
hii_region,2.56207,9.24266,0.01001,photometric_or_trigonometric,tablea1.dat:2630
hii_region,0.78766,8.58933,0.03840,photometric_or_trigonometric,tablea1.dat:2631
hii_region,2.81474,9.33786,0.00838,photometric_or_trigonometric,tablea1.dat:2636
hii_region,0.67428,8.55181,0.01861,kinematic,tablea1.dat:2638
hii_region,0.66246,8.55415,0.02570,kinematic,tablea1.dat:2639
hii_region,3.10316,9.50588,-0.07195,photometric_or_trigonometric,tablea1.dat:2640
hii_region,3.11256,9.51060,-0.04489,photometric_or_trigonometric,tablea1.dat:2641
hii_region,2.98163,9.46129,-0.03630,photometric_or_trigonometric,tablea1.dat:2642
hii_region,2.46493,9.27220,0.03783,photometric_or_trigonometric,tablea1.dat:2647
hii_region,2.46465,9.27299,0.03598,photometric_or_trigonometric,tablea1.dat:2656
hii_region,2.46365,9.27603,0.01730,photometric_or_trigonometric,tablea1.dat:2662
hii_region,2.96897,9.49232,0.05976,photometric_or_trigonometric,tablea1.dat:2671
hii_region,2.96897,9.49232,0.05976,photometric_or_trigonometric,tablea1.dat:2673
hii_region,0.87903,8.65390,0.06759,photometric_or_trigonometric,tablea1.dat:2675
hii_region,2.23074,9.21203,0.00951,photometric_or_trigonometric,tablea1.dat:2676
hii_region,3.23478,9.71250,-0.04442,photometric_or_trigonometric,tablea1.dat:2684
hii_region,3.22578,9.73014,-0.09980,photometric_or_trigonometric,tablea1.dat:2687
hii_region,2.14508,9.28345,-0.03213,photometric_or_trigonometric,tablea1.dat:2688
hii_region,1.78195,9.11621,0.00787,photometric_or_trigonometric,tablea1.dat:2690
hii_region,4.90542,10.58535,0.30066,kinematic,tablea1.dat:2692
hii_region,1.92622,9.23051,-0.05874,photometric_or_trigonometric,tablea1.dat:2694
hii_region,1.87956,9.21185,-0.06237,photometric_or_trigonometric,tablea1.dat:2698
hii_region,1.08234,8.85899,0.06687,kinematic,tablea1.dat:2700
hii_region,2.30171,9.50484,0.10253,photometric_or_trigonometric,tablea1.dat:2701
hii_region,0.79937,8.72768,0.07871,photometric_or_trigonometric,tablea1.dat:2703
hii_region,2.73780,9.79456,-0.07187,photometric_or_trigonometric,tablea1.dat:2708
hii_region,2.34358,9.59699,0.08853,kinematic,tablea1.dat:2710
hii_region,2.57744,9.75468,-0.04804,photometric_or_trigonometric,tablea1.dat:2711
hii_region,4.97366,11.18406,0.35003,kinematic,tablea1.dat:2713
hii_region,2.30252,9.64872,0.09085,photometric_or_trigonometric,tablea1.dat:2717
hii_region,2.03827,9.50927,-0.00372,photometric_or_trigonometric,tablea1.dat:2719
hii_region,0.78607,8.77790,0.01058,photometric_or_trigonometric,tablea1.dat:2720
hii_region,1.69003,9.33071,0.04292,kinematic,tablea1.dat:2721
hii_region,0.02314,8.31413,0.01285,kinematic,tablea1.dat:2722
hii_region,2.46746,9.81171,0.19078,kinematic,tablea1.dat:2724
hii_region,1.82597,9.44166,-0.26713,photometric_or_trigonometric,tablea1.dat:2727
hii_region,4.55614,11.21713,0.00567,photometric_or_trigonometric,tablea1.dat:2728
hii_region,2.02807,9.60050,0.06098,photometric_or_trigonometric,tablea1.dat:2729
hii_region,2.32063,9.78982,0.11269,kinematic,tablea1.dat:2730
hii_region,4.41703,11.14407,0.26208,kinematic,tablea1.dat:2732
hii_region,1.55405,9.30190,0.06037,kinematic,tablea1.dat:2733
hii_region,1.20360,9.08731,0.07135,photometric_or_trigonometric,tablea1.dat:2734
hii_region,1.98269,9.59043,-0.26104,photometric_or_trigonometric,tablea1.dat:2736
hii_region,2.67731,10.10383,-0.10540,photometric_or_trigonometric,tablea1.dat:2739
hii_region,2.70218,10.12368,-0.00154,kinematic,tablea1.dat:2742
hii_region,6.36967,12.70136,0.34332,kinematic,tablea1.dat:2743
hii_region,2.26367,9.87898,0.01546,photometric_or_trigonometric,tablea1.dat:2745
hii_region,3.46122,10.77854,0.15633,kinematic,tablea1.dat:2747
hii_region,4.55052,11.56002,0.15812,kinematic,tablea1.dat:2748
hii_region,3.56582,10.85598,0.15489,kinematic,tablea1.dat:2749
hii_region,1.15505,9.15969,-0.01985,photometric_or_trigonometric,tablea1.dat:2750
hii_region,1.71688,9.59376,0.03152,photometric_or_trigonometric,tablea1.dat:2754
hii_region,1.13074,9.18565,-0.10321,photometric_or_trigonometric,tablea1.dat:2755
hii_region,6.66917,13.65775,0.30053,kinematic,tablea1.dat:2756
hii_region,4.92420,12.66884,0.30584,kinematic,tablea1.dat:2759
hii_region,3.50611,11.47435,-0.05985,kinematic,tablea1.dat:2760
hii_region,1.40900,9.64741,0.04118,photometric_or_trigonometric,tablea1.dat:2765
hii_region,1.40735,9.64889,0.04843,photometric_or_trigonometric,tablea1.dat:2779
hii_region,1.40341,9.65336,0.03675,photometric_or_trigonometric,tablea1.dat:2785
hii_region,0.35691,8.64878,0.03105,kinematic,tablea1.dat:2790
hii_region,1.38349,9.67387,0.03063,photometric_or_trigonometric,tablea1.dat:2791
hii_region,4.21698,12.55810,0.29278,photometric_or_trigonometric,tablea1.dat:2794
hii_region,1.53176,9.87900,-0.02150,kinematic,tablea1.dat:2795
hii_region,1.66604,10.02523,0.08878,photometric_or_trigonometric,tablea1.dat:2797
hii_region,2.41921,10.81217,0.12850,photometric_or_trigonometric,tablea1.dat:2799
hii_region,1.66278,10.02848,0.08669,photometric_or_trigonometric,tablea1.dat:2801
hii_region,1.49754,9.87037,-0.01439,kinematic,tablea1.dat:2803
hii_region,2.37113,10.78854,0.13595,kinematic,tablea1.dat:2804
hii_region,1.59725,9.98256,-0.01296,kinematic,tablea1.dat:2805
hii_region,3.79950,12.29685,0.24367,photometric_or_trigonometric,tablea1.dat:2806
hii_region,2.17493,10.61907,0.06310,kinematic,tablea1.dat:2808
hii_region,1.57126,9.97909,0.04255,photometric_or_trigonometric,tablea1.dat:2809
hii_region,3.09483,11.62682,0.23837,kinematic,tablea1.dat:2811
hii_region,1.55740,9.99247,0.00803,photometric_or_trigonometric,tablea1.dat:2812
hii_region,1.18724,9.59882,0.03348,photometric_or_trigonometric,tablea1.dat:2814
hii_region,4.65707,13.43063,-0.11490,photometric_or_trigonometric,tablea1.dat:2817
hii_region,0.73286,9.11650,0.07903,photometric_or_trigonometric,tablea1.dat:2818
hii_region,2.03497,10.58376,0.08309,kinematic,tablea1.dat:2820
hii_region,1.52383,10.02152,0.06562,photometric_or_trigonometric,tablea1.dat:2823
hii_region,2.26340,10.96514,0.15511,photometric_or_trigonometric,tablea1.dat:2830
hii_region,2.12507,10.82467,0.01152,kinematic,tablea1.dat:2831
hii_region,0.61547,9.04902,0.03250,photometric_or_trigonometric,tablea1.dat:2834
hii_region,2.03561,10.78173,0.03770,kinematic,tablea1.dat:2836
hii_region,2.16556,10.94580,-0.08057,kinematic,tablea1.dat:2837
hii_region,0.37868,8.76430,0.03203,photometric_or_trigonometric,tablea1.dat:2838
hii_region,0.45161,8.87246,0.03515,photometric_or_trigonometric,tablea1.dat:2839
hii_region,0.67407,9.16837,0.03954,photometric_or_trigonometric,tablea1.dat:2840
hii_region,2.69934,11.78562,0.10998,kinematic,tablea1.dat:2841
hii_region,1.01637,9.67405,-0.05550,photometric_or_trigonometric,tablea1.dat:2843
hii_region,1.00932,9.67956,-0.04685,photometric_or_trigonometric,tablea1.dat:2844
hii_region,2.11166,11.40488,0.19547,photometric_or_trigonometric,tablea1.dat:2845
hii_region,0.44361,9.02505,-0.00356,photometric_or_trigonometric,tablea1.dat:2846
hii_region,0.26696,8.74588,-0.01797,kinematic,tablea1.dat:2848
hii_region,0.15973,8.57722,-0.00620,kinematic,tablea1.dat:2849
hii_region,1.48278,10.93045,-0.05007,photometric_or_trigonometric,tablea1.dat:2850
hii_region,1.30935,10.66117,-0.02215,photometric_or_trigonometric,tablea1.dat:2857
hii_region,2.05504,12.03965,0.15721,photometric_or_trigonometric,tablea1.dat:2859
hii_region,2.13023,12.19255,0.15418,photometric_or_trigonometric,tablea1.dat:2860
hii_region,5.03304,17.60608,-0.04210,photometric_or_trigonometric,tablea1.dat:2862
hii_region,4.41800,16.48320,-0.08116,kinematic,tablea1.dat:2871
hii_region,0.70759,9.67682,0.07869,kinematic,tablea1.dat:2872
hii_region,3.16231,14.97182,0.31410,photometric_or_trigonometric,tablea1.dat:2873
hii_region,2.00351,12.66739,0.21895,photometric_or_trigonometric,tablea1.dat:2877
hii_region,0.25401,8.85737,-0.09603,kinematic,tablea1.dat:2883
hii_region,0.24066,8.83128,-0.08904,kinematic,tablea1.dat:2884
hii_region,0.24605,8.86185,-0.09046,kinematic,tablea1.dat:2885
hii_region,0.25466,8.87957,-0.09405,kinematic,tablea1.dat:2886
hii_region,0.18610,8.72637,-0.06687,kinematic,tablea1.dat:2887
hii_region,0.22485,8.81737,-0.08169,kinematic,tablea1.dat:2889
hii_region,0.03127,8.37360,-0.00243,kinematic,tablea1.dat:2890
hii_region,1.74440,12.42757,-0.28349,kinematic,tablea1.dat:2891
hii_region,0.08000,8.49861,-0.08400,photometric_or_trigonometric,tablea1.dat:2894
hii_region,0.07969,8.50016,-0.08053,photometric_or_trigonometric,tablea1.dat:2895
hii_region,0.05884,8.44794,-0.01581,kinematic,tablea1.dat:2896
hii_region,1.48881,12.20905,0.24265,photometric_or_trigonometric,tablea1.dat:2898
hii_region,1.47543,12.21702,0.19007,photometric_or_trigonometric,tablea1.dat:2900
hii_region,1.41434,12.24359,0.06216,photometric_or_trigonometric,tablea1.dat:2904
hii_region,0.16328,8.76076,-0.10509,photometric_or_trigonometric,tablea1.dat:2905
hii_region,0.12489,8.77776,-0.07839,photometric_or_trigonometric,tablea1.dat:2908
hii_region,0.96511,12.22923,0.17948,photometric_or_trigonometric,tablea1.dat:2910
hii_region,1.78384,16.06313,0.48175,kinematic,tablea1.dat:2911
hii_region,0.87477,12.30534,-0.04508,photometric_or_trigonometric,tablea1.dat:2912
hii_region,0.78104,12.00309,0.20298,photometric_or_trigonometric,tablea1.dat:2913
hii_region,0.83866,12.41480,-0.07110,photometric_or_trigonometric,tablea1.dat:2914
hii_region,0.79934,12.30030,0.07121,photometric_or_trigonometric,tablea1.dat:2916
hii_region,0.78755,12.42497,-0.06619,photometric_or_trigonometric,tablea1.dat:2917
hii_region,0.95782,14.12167,-0.02770,kinematic,tablea1.dat:2924
hii_region,0.06988,8.79473,-0.01893,photometric_or_trigonometric,tablea1.dat:2925
hii_region,0.06127,8.79610,-0.01143,photometric_or_trigonometric,tablea1.dat:2928
hii_region,2.86575,32.20868,0.98609,kinematic,tablea1.dat:2929
hii_region,0.25323,10.47530,-0.00688,photometric_or_trigonometric,tablea1.dat:2930
hii_region,0.18483,9.88769,0.07119,photometric_or_trigonometric,tablea1.dat:2932
hii_region,0.18484,9.88783,0.06812,photometric_or_trigonometric,tablea1.dat:2934
hii_region,0.18222,9.88703,0.09015,photometric_or_trigonometric,tablea1.dat:2936
hii_region,2.01927,25.97899,0.75636,kinematic,tablea1.dat:2938
hii_region,1.87762,24.98943,0.71653,kinematic,tablea1.dat:2939
hii_region,0.15144,9.64991,0.06639,photometric_or_trigonometric,tablea1.dat:2940
hii_region,0.47858,12.57131,-0.13004,photometric_or_trigonometric,tablea1.dat:2945
hii_region,1.87469,25.30798,0.80693,kinematic,tablea1.dat:2951
hii_region,1.88353,25.49836,0.80682,kinematic,tablea1.dat:2953
hii_region,0.39968,12.03865,0.01864,photometric_or_trigonometric,tablea1.dat:2955
hii_region,0.16481,9.92165,-0.00222,kinematic,tablea1.dat:2960
hii_region,0.00919,8.43985,-0.05346,photometric_or_trigonometric,tablea1.dat:2961
hii_region,0.00268,8.44082,-0.05160,photometric_or_trigonometric,tablea1.dat:2965
hii_region,-0.07498,13.12679,0.34942,photometric_or_trigonometric,tablea1.dat:2968
hii_region,-0.06717,10.30884,0.01259,kinematic,tablea1.dat:2970
hii_region,-0.09018,10.48813,0.00726,photometric_or_trigonometric,tablea1.dat:2971
hii_region,-0.10295,9.88341,-0.10150,photometric_or_trigonometric,tablea1.dat:2978
hii_region,-0.10831,9.82212,-0.11099,kinematic,tablea1.dat:2979
hii_region,-0.04081,8.77804,-0.01449,kinematic,tablea1.dat:2982
hii_region,-0.01915,8.47240,-0.11837,photometric_or_trigonometric,tablea1.dat:2983
hii_region,-0.38444,11.44916,-0.94397,kinematic,tablea1.dat:2985
hii_region,-0.26612,10.07641,0.11647,photometric_or_trigonometric,tablea1.dat:2988
hii_region,-0.30884,10.29592,0.03642,photometric_or_trigonometric,tablea1.dat:2991
hii_region,-0.27374,10.03837,0.02728,photometric_or_trigonometric,tablea1.dat:2996
hii_region,-0.34612,10.50276,0.03075,photometric_or_trigonometric,tablea1.dat:2998
hii_region,-0.03296,8.50738,0.00287,kinematic,tablea1.dat:3002
hii_region,-0.31366,10.28034,0.14126,photometric_or_trigonometric,tablea1.dat:3005
hii_region,-0.99667,14.14920,-2.75047,kinematic,tablea1.dat:3007
hii_region,-0.23024,9.65051,0.00428,kinematic,tablea1.dat:3008
hii_region,-0.31735,10.14284,0.01103,kinematic,tablea1.dat:3009
hii_region,-0.35449,10.33934,0.01832,kinematic,tablea1.dat:3010
hii_region,-0.00456,8.32629,-0.01370,kinematic,tablea1.dat:3012
hii_region,-0.36361,10.36823,0.01448,photometric_or_trigonometric,tablea1.dat:3014
hii_region,-0.25516,9.60516,0.01901,kinematic,tablea1.dat:3020
hii_region,-0.44202,10.45467,-0.04469,kinematic,tablea1.dat:3021
hii_region,-0.43334,10.35458,0.03042,photometric_or_trigonometric,tablea1.dat:3022
hii_region,-0.31949,9.78260,-0.10113,photometric_or_trigonometric,tablea1.dat:3024
hii_region,-0.90700,12.48441,0.26862,photometric_or_trigonometric,tablea1.dat:3025
hii_region,-0.34387,9.85237,-0.00389,photometric_or_trigonometric,tablea1.dat:3027
hii_region,-0.34712,9.85164,-0.00333,photometric_or_trigonometric,tablea1.dat:3029
hii_region,-0.34728,9.85161,-0.00122,photometric_or_trigonometric,tablea1.dat:3032
hii_region,-0.34771,9.85151,-0.00050,photometric_or_trigonometric,tablea1.dat:3038
hii_region,-0.35037,9.85092,0.00167,photometric_or_trigonometric,tablea1.dat:3045
hii_region,-1.94885,16.78872,-0.08817,photometric_or_trigonometric,tablea1.dat:3048
hii_region,-0.22922,9.29391,0.00260,kinematic,tablea1.dat:3052
hii_region,-0.78538,11.59413,-1.41450,kinematic,tablea1.dat:3053
hii_region,-0.45923,10.13235,-0.06088,photometric_or_trigonometric,tablea1.dat:3055
hii_region,-0.07738,8.61037,-0.00893,kinematic,tablea1.dat:3059
hii_region,-0.12179,8.76588,-0.13463,photometric_or_trigonometric,tablea1.dat:3060
hii_region,-0.09715,8.67295,-0.13989,kinematic,tablea1.dat:3062
hii_region,-0.71589,10.98562,-0.05793,kinematic,tablea1.dat:3063
hii_region,-0.63896,10.69568,-0.05311,kinematic,tablea1.dat:3064
hii_region,-0.12709,8.77233,-0.10370,photometric_or_trigonometric,tablea1.dat:3065
hii_region,-0.53986,10.22576,-0.00314,photometric_or_trigonometric,tablea1.dat:3070
hii_region,-0.40637,9.70194,-0.03190,kinematic,tablea1.dat:3072
hii_region,-1.08426,12.03498,-0.07990,photometric_or_trigonometric,tablea1.dat:3073
hii_region,-1.49437,13.36177,-0.15415,photometric_or_trigonometric,tablea1.dat:3074
hii_region,-0.91820,11.42382,-0.16209,photometric_or_trigonometric,tablea1.dat:3081
hii_region,-2.68004,17.15996,-0.50131,photometric_or_trigonometric,tablea1.dat:3084
hii_region,-0.95923,11.41069,-0.17635,kinematic,tablea1.dat:3088
hii_region,-1.18930,12.01091,-0.15719,photometric_or_trigonometric,tablea1.dat:3089
hii_region,-1.51586,13.01853,-0.19819,photometric_or_trigonometric,tablea1.dat:3091
hii_region,-2.01280,13.56631,-0.15571,kinematic,tablea1.dat:3094
hii_region,-1.00221,10.85972,0.07698,kinematic,tablea1.dat:3095
hii_region,-1.08944,11.04014,0.08505,kinematic,tablea1.dat:3096
hii_region,-0.21604,8.82687,0.02510,kinematic,tablea1.dat:3100
hii_region,-0.31108,9.03642,0.03029,photometric_or_trigonometric,tablea1.dat:3101
hii_region,-0.69509,9.71747,-0.06341,kinematic,tablea1.dat:3103
hii_region,-0.18435,8.66911,-0.12112,photometric_or_trigonometric,tablea1.dat:3104
hii_region,-0.64934,9.59568,-0.04555,kinematic,tablea1.dat:3111
hii_region,-0.18628,8.66702,-0.12450,photometric_or_trigonometric,tablea1.dat:3112
hii_region,-0.18114,8.65985,-0.15031,photometric_or_trigonometric,tablea1.dat:3114
hii_region,-0.85588,9.99502,-0.06628,photometric_or_trigonometric,tablea1.dat:3116
hii_region,-0.18224,8.65157,-0.16760,photometric_or_trigonometric,tablea1.dat:3119
hii_region,-0.19363,8.65722,-0.14070,photometric_or_trigonometric,tablea1.dat:3122
hii_region,-1.08611,10.29000,-0.11465,kinematic,tablea1.dat:3124
hii_region,-0.67181,9.52658,-0.06448,photometric_or_trigonometric,tablea1.dat:3125
hii_region,-0.18701,8.63877,-0.13551,kinematic,tablea1.dat:3127
hii_region,-0.19672,8.65474,-0.14269,photometric_or_trigonometric,tablea1.dat:3128
hii_region,-0.19676,8.65438,-0.14354,photometric_or_trigonometric,tablea1.dat:3139
hii_region,-1.82545,11.44881,-0.04803,kinematic,tablea1.dat:3141
hii_region,-0.58541,9.31192,-0.04695,photometric_or_trigonometric,tablea1.dat:3142
hii_region,-4.03717,15.06973,-0.35241,photometric_or_trigonometric,tablea1.dat:3144
hii_region,-2.07338,11.73166,-0.06998,photometric_or_trigonometric,tablea1.dat:3147
hii_region,-0.60695,9.30022,-0.00837,photometric_or_trigonometric,tablea1.dat:3149
hii_region,-2.53654,12.43294,0.08558,kinematic,tablea1.dat:3151
hii_region,-2.57197,12.48149,0.09049,kinematic,tablea1.dat:3152
hii_region,-2.50389,12.32346,-0.09960,kinematic,tablea1.dat:3153
hii_region,-4.17437,14.99339,-0.15904,photometric_or_trigonometric,tablea1.dat:3154
hii_region,-2.51603,12.31665,-0.06130,kinematic,tablea1.dat:3158
hii_region,-2.28345,11.91905,-0.08231,kinematic,tablea1.dat:3159
hii_region,-3.49574,13.66717,-0.24774,kinematic,tablea1.dat:3160
hii_region,-0.33033,8.79524,-0.13313,kinematic,tablea1.dat:3161
hii_region,-4.39007,14.85533,0.08400,photometric_or_trigonometric,tablea1.dat:3170
hii_region,-1.00163,9.67358,0.00030,photometric_or_trigonometric,tablea1.dat:3172
hii_region,-0.81221,9.36579,-0.00117,photometric_or_trigonometric,tablea1.dat:3174
hii_region,-4.78207,14.57282,-0.18864,photometric_or_trigonometric,tablea1.dat:3176
hii_region,-0.81370,9.36466,-0.00187,photometric_or_trigonometric,tablea1.dat:3179
hii_region,-0.81461,9.36393,0.00819,photometric_or_trigonometric,tablea1.dat:3183
hii_region,-1.25390,9.93442,-0.00259,kinematic,tablea1.dat:3186
hii_region,-0.81833,9.36109,-0.00398,photometric_or_trigonometric,tablea1.dat:3187
hii_region,-1.17116,9.79611,-0.00385,kinematic,tablea1.dat:3189
hii_region,-1.14769,9.76365,-0.01188,kinematic,tablea1.dat:3190
hii_region,-1.79056,10.58112,-0.01974,photometric_or_trigonometric,tablea1.dat:3191
hii_region,-4.68832,14.14905,0.24134,photometric_or_trigonometric,tablea1.dat:3193
hii_region,-5.31511,14.89886,-0.67430,photometric_or_trigonometric,tablea1.dat:3199
hii_region,-0.35602,8.73066,-0.03721,kinematic,tablea1.dat:3201
hii_region,-4.60768,13.69090,-0.34275,kinematic,tablea1.dat:3204
hii_region,-0.29371,8.64051,-0.01696,kinematic,tablea1.dat:3208
hii_region,-0.47678,8.85236,-0.02191,kinematic,tablea1.dat:3209
hii_region,-0.47200,8.84279,-0.03153,kinematic,tablea1.dat:3210
hii_region,-2.08628,10.62928,-0.13707,kinematic,tablea1.dat:3211
hii_region,-0.69050,9.02257,-0.03316,photometric_or_trigonometric,tablea1.dat:3212
hii_region,-0.69592,9.01638,-0.05007,photometric_or_trigonometric,tablea1.dat:3215
hii_region,-2.25790,10.62266,0.06898,photometric_or_trigonometric,tablea1.dat:3217
hii_region,-0.56488,8.88033,-0.01487,kinematic,tablea1.dat:3219
hii_region,-0.50930,8.82285,-0.01184,kinematic,tablea1.dat:3220
hii_region,-0.64954,8.96468,-0.03460,kinematic,tablea1.dat:3221
hii_region,-0.69899,9.01353,-0.04780,photometric_or_trigonometric,tablea1.dat:3222
hii_region,-0.50386,8.81424,-0.00877,kinematic,tablea1.dat:3224
hii_region,-0.70068,9.01339,-0.01100,photometric_or_trigonometric,tablea1.dat:3225
hii_region,-0.63894,8.94777,-0.01596,kinematic,tablea1.dat:3228
hii_region,-0.55362,8.84833,-0.03514,kinematic,tablea1.dat:3229
hii_region,-0.71230,9.00046,-0.04449,photometric_or_trigonometric,tablea1.dat:3230
hii_region,-0.60056,8.87280,-0.01114,kinematic,tablea1.dat:3235
hii_region,-0.57242,8.84440,-0.00815,kinematic,tablea1.dat:3236
hii_region,-2.74036,10.78603,-0.00749,photometric_or_trigonometric,tablea1.dat:3237
hii_region,-3.49389,11.27669,0.01202,photometric_or_trigonometric,tablea1.dat:3243
hii_region,-3.33918,11.00691,0.11181,photometric_or_trigonometric,tablea1.dat:3244
hii_region,-3.34623,10.99814,0.11331,photometric_or_trigonometric,tablea1.dat:3245
hii_region,-3.35441,10.97003,-0.32997,photometric_or_trigonometric,tablea1.dat:3247
hii_region,-2.44347,10.20376,-0.12311,kinematic,tablea1.dat:3252
hii_region,-1.33392,9.32097,0.02610,photometric_or_trigonometric,tablea1.dat:3253
hii_region,-0.61733,8.75914,-0.12847,kinematic,tablea1.dat:3257
hii_region,-3.46818,10.84195,-0.01433,photometric_or_trigonometric,tablea1.dat:3259
hii_region,-3.49277,10.80796,-0.02702,photometric_or_trigonometric,tablea1.dat:3266
hii_region,-3.50338,10.79248,0.06229,photometric_or_trigonometric,tablea1.dat:3269
hii_region,-3.51240,10.78048,-0.01501,photometric_or_trigonometric,tablea1.dat:3271
hii_region,-1.04531,9.03848,-0.22798,photometric_or_trigonometric,tablea1.dat:3273
hii_region,-2.74596,10.21853,0.03824,kinematic,tablea1.dat:3274
hii_region,-2.05615,9.71098,-0.17718,photometric_or_trigonometric,tablea1.dat:3275
hii_region,-2.56777,9.97934,0.10618,photometric_or_trigonometric,tablea1.dat:3276
hii_region,-4.52766,11.24029,-0.12251,photometric_or_trigonometric,tablea1.dat:3277
hii_region,-1.33711,9.15973,-0.18168,photometric_or_trigonometric,tablea1.dat:3278
hii_region,-4.62181,10.93463,0.00659,photometric_or_trigonometric,tablea1.dat:3281
hii_region,-3.56898,10.10603,0.02597,photometric_or_trigonometric,tablea1.dat:3282
hii_region,-4.33395,9.77270,-0.15632,kinematic,tablea1.dat:3290
hii_region,-0.11489,8.33448,-0.00338,kinematic,tablea1.dat:3291
hii_region,-0.59399,8.47705,-0.01514,kinematic,tablea1.dat:3292
hii_region,-2.87775,9.14762,-0.00984,photometric_or_trigonometric,tablea1.dat:3293
hii_region,-2.89406,9.12685,-0.02931,kinematic,tablea1.dat:3296
hii_region,-2.66344,9.06091,-0.00459,kinematic,tablea1.dat:3297
hii_region,-2.89000,9.10489,-0.00576,photometric_or_trigonometric,tablea1.dat:3298
hii_region,-7.32974,10.30849,0.03038,photometric_or_trigonometric,tablea1.dat:3299
hii_region,-8.56551,10.19767,-0.34531,kinematic,tablea1.dat:3300
hii_region,-1.17162,8.55910,0.01328,photometric_or_trigonometric,tablea1.dat:3301
hii_region,-5.27615,9.26712,-0.25259,kinematic,tablea1.dat:3302
hii_region,-5.53726,9.30939,-0.12940,kinematic,tablea1.dat:3303
hii_region,-1.18164,8.50908,-0.00121,photometric_or_trigonometric,tablea1.dat:3304
hii_region,-1.18159,8.50905,0.01177,photometric_or_trigonometric,tablea1.dat:3305
hii_region,-0.80974,8.42932,0.00165,kinematic,tablea1.dat:3306
hii_region,-7.34102,9.44052,-0.11619,kinematic,tablea1.dat:3307
hii_region,-1.36388,8.50795,-0.03133,kinematic,tablea1.dat:3308
hii_region,-0.66236,8.40040,0.00983,photometric_or_trigonometric,tablea1.dat:3309
hii_region,-1.50285,8.52080,-0.05549,kinematic,tablea1.dat:3310
hii_region,-5.99408,9.17775,-0.15525,kinematic,tablea1.dat:3311
hii_region,-1.18955,8.44899,-0.05259,kinematic,tablea1.dat:3312
hii_region,-1.09124,8.43592,0.02668,photometric_or_trigonometric,tablea1.dat:3313
hii_region,-3.02873,8.65853,0.02741,photometric_or_trigonometric,tablea1.dat:3316
hii_region,-0.27845,8.32804,0.00888,kinematic,tablea1.dat:3321
hii_region,-0.90519,8.39046,0.02342,photometric_or_trigonometric,tablea1.dat:3322
hii_region,-1.69211,8.46353,0.00415,photometric_or_trigonometric,tablea1.dat:3325
hii_region,-0.07965,8.30724,0.00182,kinematic,tablea1.dat:3327
hii_region,-0.46801,8.34114,0.01307,kinematic,tablea1.dat:3328
hii_region,-3.19789,8.57359,-0.05210,kinematic,tablea1.dat:3329
hii_region,-0.90645,8.37690,0.02309,photometric_or_trigonometric,tablea1.dat:3330
hii_region,-0.00996,8.30084,0.00007,kinematic,tablea1.dat:3334
hii_region,-4.89010,8.70049,-0.18609,kinematic,tablea1.dat:3335
hii_region,-1.23880,8.34908,-0.02389,photometric_or_trigonometric,tablea1.dat:3336
hii_region,-1.39882,8.35330,-0.02123,photometric_or_trigonometric,tablea1.dat:3337
hii_region,-1.08923,8.34084,0.00076,kinematic,tablea1.dat:3339
hii_region,-1.39886,8.35014,-0.02605,photometric_or_trigonometric,tablea1.dat:3340
hii_region,-1.81758,8.35982,-0.07218,kinematic,tablea1.dat:3348
hii_region,-1.29938,8.33507,-0.01924,photometric_or_trigonometric,tablea1.dat:3350
hii_region,-2.59919,8.33933,-0.05159,photometric_or_trigonometric,tablea1.dat:3352
hii_region,-1.70948,8.32509,-0.03390,kinematic,tablea1.dat:3353
hii_region,-2.59892,8.33602,-0.06575,photometric_or_trigonometric,tablea1.dat:3354
hii_region,-1.29959,8.31472,-0.02922,kinematic,tablea1.dat:3356
hii_region,-8.05696,8.37495,-0.20817,kinematic,tablea1.dat:3357
hii_region,-0.54986,8.30328,-0.01217,kinematic,tablea1.dat:3359
hii_region,-8.48997,8.32163,-0.00934,kinematic,tablea1.dat:3360
hii_region,-0.01000,8.29998,-0.00006,kinematic,tablea1.dat:3361
hii_region,-3.39958,8.28256,0.05032,photometric_or_trigonometric,tablea1.dat:3362
hii_region,-5.22753,7.96113,-0.12546,kinematic,tablea1.dat:3364
hii_region,-2.69285,8.11108,-0.05376,photometric_or_trigonometric,tablea1.dat:3365
hii_region,-5.84683,7.20368,-0.12326,kinematic,tablea1.dat:3369
hii_region,-1.56016,7.99637,-0.04240,kinematic,tablea1.dat:3371
hii_region,-1.57890,7.98846,-0.04608,kinematic,tablea1.dat:3372
hii_region,-1.62482,7.96771,-0.07177,kinematic,tablea1.dat:3376
hii_region,-1.74343,7.94228,-0.03010,kinematic,tablea1.dat:3378
hii_region,-1.66315,7.95119,-0.04773,kinematic,tablea1.dat:3382
hii_region,-5.11465,7.21481,-0.12513,kinematic,tablea1.dat:3384
hii_region,-6.81558,6.84807,-0.14366,photometric_or_trigonometric,tablea1.dat:3385
hii_region,-4.75027,7.28518,-0.15698,kinematic,tablea1.dat:3388
hii_region,-6.81411,6.83420,-0.01460,photometric_or_trigonometric,tablea1.dat:3389
hii_region,-1.71968,7.92694,-0.03376,kinematic,tablea1.dat:3390
hii_region,-3.02779,7.64205,-0.09791,photometric_or_trigonometric,tablea1.dat:3391
hii_region,-2.49776,7.74022,-0.03811,kinematic,tablea1.dat:3392
hii_region,-3.02121,7.61859,-0.13403,photometric_or_trigonometric,tablea1.dat:3393
hii_region,-3.93126,7.36982,-0.03991,kinematic,tablea1.dat:3397
hii_region,-5.11745,7.08755,-0.09639,kinematic,tablea1.dat:3398
hii_region,-4.71782,7.17588,-0.03267,kinematic,tablea1.dat:3399
hii_region,-3.20801,7.52840,-0.05782,photometric_or_trigonometric,tablea1.dat:3400
hii_region,-5.33645,6.97165,-0.08831,photometric_or_trigonometric,tablea1.dat:3402
hii_region,-4.47235,7.18401,-0.06879,kinematic,tablea1.dat:3404
hii_region,-1.95909,7.80791,-0.01410,kinematic,tablea1.dat:3405
hii_region,-3.61464,7.38247,-0.07362,kinematic,tablea1.dat:3406
hii_region,-5.33040,6.94526,0.03840,photometric_or_trigonometric,tablea1.dat:3407
hii_region,-5.32931,6.94078,-0.03206,photometric_or_trigonometric,tablea1.dat:3408
hii_region,-3.19663,7.48085,0.02321,photometric_or_trigonometric,tablea1.dat:3412
hii_region,-4.61681,7.10094,-0.01524,kinematic,tablea1.dat:3413
hii_region,-4.12136,7.22263,-0.03599,kinematic,tablea1.dat:3414
hii_region,-4.99116,6.99124,-0.03242,kinematic,tablea1.dat:3415
hii_region,-4.88411,7.01658,0.02759,kinematic,tablea1.dat:3416
hii_region,-2.07511,7.74254,-0.07518,kinematic,tablea1.dat:3418
hii_region,-3.61790,7.31344,-0.00347,kinematic,tablea1.dat:3419
hii_region,-1.17649,7.97709,0.00004,kinematic,tablea1.dat:3421
hii_region,-1.21440,7.96452,0.01649,kinematic,tablea1.dat:3422
hii_region,-4.93107,6.92406,-0.07578,kinematic,tablea1.dat:3423
hii_region,-2.50121,7.59011,0.00377,photometric_or_trigonometric,tablea1.dat:3424
hii_region,-2.49682,7.57484,-0.00740,photometric_or_trigonometric,tablea1.dat:3426
hii_region,-2.22784,7.65263,0.00688,kinematic,tablea1.dat:3428
hii_region,-4.43022,6.99779,-0.14762,kinematic,tablea1.dat:3429
hii_region,-7.74908,6.01918,-0.18980,kinematic,tablea1.dat:3430
hii_region,-7.69047,6.03409,-0.20658,kinematic,tablea1.dat:3432
hii_region,-2.48778,7.54544,-0.04007,photometric_or_trigonometric,tablea1.dat:3434
hii_region,-2.32988,7.58243,0.10179,kinematic,tablea1.dat:3435
hii_region,-2.48349,7.53042,0.00241,photometric_or_trigonometric,tablea1.dat:3437
hii_region,-2.48304,7.52914,0.01611,photometric_or_trigonometric,tablea1.dat:3438
hii_region,-4.26586,6.96553,0.05032,kinematic,tablea1.dat:3440
hii_region,-2.48097,7.52284,-0.02859,photometric_or_trigonometric,tablea1.dat:3441
hii_region,-2.47884,7.51605,-0.02795,photometric_or_trigonometric,tablea1.dat:3447
hii_region,-2.47884,7.51605,-0.02795,photometric_or_trigonometric,tablea1.dat:3450
hii_region,-2.47747,7.51239,-0.04247,photometric_or_trigonometric,tablea1.dat:3453
hii_region,-5.81335,6.42492,-0.14523,kinematic,tablea1.dat:3457
hii_region,-2.47311,7.49854,-0.03735,photometric_or_trigonometric,tablea1.dat:3459
hii_region,-6.39540,6.14100,-0.00754,kinematic,tablea1.dat:3461
hii_region,-6.81154,5.99840,-0.04091,kinematic,tablea1.dat:3462
hii_region,-5.19122,6.54559,0.06073,kinematic,tablea1.dat:3463
hii_region,-5.39947,6.44281,0.02551,kinematic,tablea1.dat:3464
hii_region,-7.56114,5.68719,-0.04957,photometric_or_trigonometric,tablea1.dat:3465
hii_region,-2.73364,7.33197,0.01012,photometric_or_trigonometric,tablea1.dat:3468
hii_region,-2.68652,7.34865,0.00612,photometric_or_trigonometric,tablea1.dat:3469
hii_region,-7.52765,5.59656,-0.16084,photometric_or_trigonometric,tablea1.dat:3470
hii_region,-7.52263,5.58011,-0.11058,photometric_or_trigonometric,tablea1.dat:3472
hii_region,-7.83883,5.45542,-0.12954,kinematic,tablea1.dat:3474
hii_region,-4.08315,6.78814,-0.22742,photometric_or_trigonometric,tablea1.dat:3475
hii_region,-2.53024,7.36082,0.07647,photometric_or_trigonometric,tablea1.dat:3476
hii_region,-2.70509,7.29350,-0.14687,kinematic,tablea1.dat:3478
hii_region,-7.49326,5.50032,-0.11365,photometric_or_trigonometric,tablea1.dat:3479
hii_region,-2.62015,7.31275,0.01251,photometric_or_trigonometric,tablea1.dat:3480
hii_region,-6.07254,5.98683,-0.15314,kinematic,tablea1.dat:3481
hii_region,-7.37170,5.46156,-0.10617,photometric_or_trigonometric,tablea1.dat:3482
hii_region,-6.05051,5.95255,-0.03024,kinematic,tablea1.dat:3484
hii_region,-0.91309,7.94430,-0.01219,photometric_or_trigonometric,tablea1.dat:3485
hii_region,-5.81645,6.01282,-0.01396,kinematic,tablea1.dat:3491
hii_region,-7.34422,5.39014,-0.07239,photometric_or_trigonometric,tablea1.dat:3492
hii_region,-7.91213,5.14722,-0.22035,kinematic,tablea1.dat:3496
hii_region,-7.53573,5.27707,-0.09566,kinematic,tablea1.dat:3497
hii_region,-7.32832,5.35255,-0.13512,photometric_or_trigonometric,tablea1.dat:3499
hii_region,-2.13134,7.43836,0.07040,photometric_or_trigonometric,tablea1.dat:3500
hii_region,-3.04203,7.05237,-0.28188,photometric_or_trigonometric,tablea1.dat:3501
hii_region,-6.60311,5.50802,-0.11287,kinematic,tablea1.dat:3502
hii_region,-11.14328,3.56376,-0.21790,kinematic,tablea1.dat:3503
hii_region,-2.29034,7.29938,-0.05585,photometric_or_trigonometric,tablea1.dat:3506
hii_region,-2.01429,7.41747,-0.06143,photometric_or_trigonometric,tablea1.dat:3508
hii_region,-8.45169,4.56743,-0.12014,kinematic,tablea1.dat:3509
hii_region,-8.47883,4.53136,-0.15856,kinematic,tablea1.dat:3510
hii_region,-2.27954,7.27859,-0.10199,photometric_or_trigonometric,tablea1.dat:3511
hii_region,-2.40110,7.20515,-0.07477,kinematic,tablea1.dat:3512
hii_region,-7.98749,4.63511,-0.18071,kinematic,tablea1.dat:3513
hii_region,-1.99556,7.37636,-0.06814,photometric_or_trigonometric,tablea1.dat:3514
hii_region,-1.99208,7.36854,-0.06335,photometric_or_trigonometric,tablea1.dat:3516
hii_region,-9.45922,3.86012,-0.11454,kinematic,tablea1.dat:3518
hii_region,-7.51115,4.67544,-0.02911,kinematic,tablea1.dat:3521
hii_region,-8.24341,4.17327,-0.15689,kinematic,tablea1.dat:3523
hii_region,-8.22141,4.01911,-0.12377,kinematic,tablea1.dat:3524
hii_region,-8.63489,3.77523,-0.16625,kinematic,tablea1.dat:3525
hii_region,-0.66311,7.95149,-0.03639,kinematic,tablea1.dat:3527
hii_region,-8.04653,3.98784,-0.12461,kinematic,tablea1.dat:3528
hii_region,-8.88987,3.52770,-0.05829,kinematic,tablea1.dat:3530
hii_region,-8.36164,3.74884,-0.01894,kinematic,tablea1.dat:3532
hii_region,-3.49822,6.38470,-0.11893,kinematic,tablea1.dat:3533
hii_region,-8.53511,3.60778,-0.05100,kinematic,tablea1.dat:3534
hii_region,-8.28682,3.73712,0.02064,kinematic,tablea1.dat:3535
hii_region,-8.59071,3.56393,-0.07396,kinematic,tablea1.dat:3536
hii_region,-8.41251,3.63380,0.02485,kinematic,tablea1.dat:3540
hii_region,-6.91678,4.44194,0.00124,kinematic,tablea1.dat:3541
hii_region,-4.70622,5.65218,-0.02422,photometric_or_trigonometric,tablea1.dat:3542
hii_region,-3.62232,6.17463,0.04002,kinematic,tablea1.dat:3544
hii_region,-8.89388,3.06549,-0.03458,kinematic,tablea1.dat:3545
hii_region,-7.61637,3.81272,-0.02746,kinematic,tablea1.dat:3547
hii_region,-3.66104,6.10405,0.08652,kinematic,tablea1.dat:3550
hii_region,-3.67251,6.08381,0.07255,kinematic,tablea1.dat:3553
hii_region,-3.67204,6.08191,-0.01685,kinematic,tablea1.dat:3556
hii_region,-3.72131,5.99143,0.08233,kinematic,tablea1.dat:3558
hii_region,-1.78041,7.18639,-0.00161,photometric_or_trigonometric,tablea1.dat:3559
hii_region,-1.77840,7.18324,0.01242,photometric_or_trigonometric,tablea1.dat:3561
hii_region,-9.36265,2.41520,-0.18318,kinematic,tablea1.dat:3562
hii_region,-3.76211,5.90456,-0.00265,kinematic,tablea1.dat:3564
hii_region,-9.36886,2.33046,-0.14523,kinematic,tablea1.dat:3565
hii_region,-1.76736,7.16581,0.00696,photometric_or_trigonometric,tablea1.dat:3566
hii_region,-1.76465,7.16259,0.04786,photometric_or_trigonometric,tablea1.dat:3567
hii_region,-9.07808,2.37869,-0.17916,kinematic,tablea1.dat:3569
hii_region,-9.03204,2.32477,-0.08770,kinematic,tablea1.dat:3571
hii_region,-9.52227,1.99735,-0.13952,kinematic,tablea1.dat:3572
hii_region,-9.44135,1.94802,-0.13267,kinematic,tablea1.dat:3573
hii_region,-9.69874,1.66734,-0.06911,kinematic,tablea1.dat:3574
hii_region,-1.78648,7.06837,0.02204,kinematic,tablea1.dat:3575
hii_region,-9.33372,1.84497,-0.19175,kinematic,tablea1.dat:3576
hii_region,-9.22542,1.89771,-0.12367,kinematic,tablea1.dat:3577
hii_region,-2.13515,6.81763,0.06098,kinematic,tablea1.dat:3578
hii_region,-3.19886,6.06944,0.04315,kinematic,tablea1.dat:3579
hii_region,-2.89408,6.27911,0.03407,kinematic,tablea1.dat:3580
hii_region,-4.52520,5.12141,0.00598,kinematic,tablea1.dat:3581
hii_region,-3.53453,5.81617,0.01040,kinematic,tablea1.dat:3582
hii_region,-3.90717,5.54655,-0.03070,kinematic,tablea1.dat:3584
hii_region,-4.39656,5.19926,0.00338,kinematic,tablea1.dat:3585
hii_region,-3.90574,5.54440,0.01719,kinematic,tablea1.dat:3589
hii_region,-3.91150,5.53522,0.01705,kinematic,tablea1.dat:3591
hii_region,-5.25794,4.58144,-0.00079,kinematic,tablea1.dat:3592
hii_region,-4.31398,5.23840,0.01653,kinematic,tablea1.dat:3593
hii_region,-4.61383,5.00449,0.03345,kinematic,tablea1.dat:3598
hii_region,-3.92968,5.49171,-0.00042,kinematic,tablea1.dat:3601
hii_region,-1.56100,7.18235,-0.02316,kinematic,tablea1.dat:3604
hii_region,-3.93002,5.47828,0.13573,kinematic,tablea1.dat:3606
hii_region,-3.93429,5.46386,0.01185,kinematic,tablea1.dat:3607
hii_region,-5.32066,4.46290,-0.02839,kinematic,tablea1.dat:3608
hii_region,-2.26267,6.66769,-0.00307,kinematic,tablea1.dat:3609
hii_region,-5.21726,4.52458,0.00112,kinematic,tablea1.dat:3610
hii_region,-1.85614,6.94181,0.00727,photometric_or_trigonometric,tablea1.dat:3611
hii_region,-1.85468,6.93979,0.00265,photometric_or_trigonometric,tablea1.dat:3612
hii_region,-1.20058,7.41760,-0.00939,kinematic,tablea1.dat:3613
hii_region,-5.52486,4.05127,-0.07141,kinematic,tablea1.dat:3614
hii_region,-5.42611,4.11922,-0.03061,kinematic,tablea1.dat:3617
hii_region,-2.63757,6.26733,-0.01860,kinematic,tablea1.dat:3619
hii_region,-5.33055,4.19181,-0.03077,kinematic,tablea1.dat:3620
hii_region,-4.01630,5.18958,0.03148,kinematic,tablea1.dat:3621
hii_region,-3.15846,5.84563,0.01536,photometric_or_trigonometric,tablea1.dat:3622
hii_region,-10.52145,0.07028,-0.24575,kinematic,tablea1.dat:3623
hii_region,-6.87050,2.91439,-0.06582,kinematic,tablea1.dat:3624
hii_region,-3.12387,5.80205,0.04042,photometric_or_trigonometric,tablea1.dat:3625
hii_region,-0.39046,7.98771,-0.00445,kinematic,tablea1.dat:3628
hii_region,-3.58198,5.43029,0.04807,kinematic,tablea1.dat:3629
hii_region,-4.04764,5.05189,0.04973,kinematic,tablea1.dat:3630
hii_region,-1.23030,7.30873,-0.01233,kinematic,tablea1.dat:3631
hii_region,-3.10606,5.77964,0.01299,photometric_or_trigonometric,tablea1.dat:3632
hii_region,-3.10131,5.77424,-0.04887,photometric_or_trigonometric,tablea1.dat:3633
hii_region,-3.08411,5.75331,-0.05145,photometric_or_trigonometric,tablea1.dat:3635
hii_region,-3.06837,5.73399,0.02604,photometric_or_trigonometric,tablea1.dat:3636
hii_region,-4.08944,4.85124,0.07087,kinematic,tablea1.dat:3638
hii_region,-8.37415,1.22931,-0.02506,kinematic,tablea1.dat:3639
hii_region,-9.41123,0.25693,-0.04710,kinematic,tablea1.dat:3641
hii_region,-10.15022,-0.44723,-0.13798,kinematic,tablea1.dat:3642
hii_region,-10.00025,-0.33077,-0.09407,kinematic,tablea1.dat:3643
hii_region,-4.10306,4.75884,-0.03860,kinematic,tablea1.dat:3644
hii_region,-9.07200,0.46097,-0.09208,kinematic,tablea1.dat:3645
hii_region,-9.69724,-0.10031,-0.08509,kinematic,tablea1.dat:3647
hii_region,-2.18881,6.39770,0.01969,photometric_or_trigonometric,tablea1.dat:3648
hii_region,-10.20849,-0.60983,-0.06385,kinematic,tablea1.dat:3651
hii_region,-2.95787,5.71250,-0.02757,kinematic,tablea1.dat:3652
hii_region,-5.94562,3.09812,-0.01007,kinematic,tablea1.dat:3653
hii_region,-4.11554,4.69749,0.07179,kinematic,tablea1.dat:3654
hii_region,-2.17907,6.38645,-0.00106,photometric_or_trigonometric,tablea1.dat:3655
hii_region,-10.68062,-1.08712,-0.12087,kinematic,tablea1.dat:3656
hii_region,-5.15092,3.75470,0.07146,kinematic,tablea1.dat:3657
hii_region,-4.11987,4.65646,0.03533,kinematic,tablea1.dat:3659
hii_region,-5.36258,3.55609,-0.06036,kinematic,tablea1.dat:3661
hii_region,-8.18553,1.04199,0.04525,kinematic,tablea1.dat:3662
hii_region,-9.94972,-0.53967,-0.13915,kinematic,tablea1.dat:3663
hii_region,-4.11860,4.63987,0.02597,kinematic,tablea1.dat:3664
hii_region,-10.16305,-0.73683,-0.09044,kinematic,tablea1.dat:3667
hii_region,-1.11729,7.29927,-0.01414,photometric_or_trigonometric,tablea1.dat:3668
hii_region,-4.51388,4.25675,-0.02348,kinematic,tablea1.dat:3670
hii_region,-2.91053,5.68908,0.00682,kinematic,tablea1.dat:3671
hii_region,-5.58037,3.28915,0.02998,kinematic,tablea1.dat:3674
hii_region,-5.34855,3.46518,0.03951,kinematic,tablea1.dat:3676
hii_region,-0.69515,7.66735,0.01088,kinematic,tablea1.dat:3678
hii_region,-1.44777,6.97888,-0.01409,kinematic,tablea1.dat:3679
hii_region,-5.62092,3.06702,-0.06018,kinematic,tablea1.dat:3681
hii_region,-6.78440,1.91006,-0.05466,kinematic,tablea1.dat:3682
hii_region,-1.08984,7.26939,-0.00942,photometric_or_trigonometric,tablea1.dat:3683
hii_region,-7.88457,0.83193,0.03336,kinematic,tablea1.dat:3684
hii_region,-5.74478,2.83371,0.04512,kinematic,tablea1.dat:3687
hii_region,-2.77398,5.66031,-0.07740,kinematic,tablea1.dat:3688
hii_region,-6.03664,2.53106,-0.02711,kinematic,tablea1.dat:3689
hii_region,-2.83795,5.58202,-0.05912,kinematic,tablea1.dat:3690
hii_region,-4.15076,4.27791,0.04842,kinematic,tablea1.dat:3691
hii_region,-4.52494,3.90230,0.03458,kinematic,tablea1.dat:3692
hii_region,-4.81521,3.61283,0.05125,kinematic,tablea1.dat:3694
hii_region,-5.49356,2.94748,0.01406,kinematic,tablea1.dat:3697
hii_region,-8.99441,-0.79291,-0.06094,kinematic,tablea1.dat:3698
hii_region,-7.77572,0.25307,-0.03613,kinematic,tablea1.dat:3699
hii_region,-5.20889,2.87656,-0.06457,kinematic,tablea1.dat:3700
hii_region,-8.19357,-0.30199,-0.07381,kinematic,tablea1.dat:3703
hii_region,-2.46400,5.67537,-0.00232,photometric_or_trigonometric,tablea1.dat:3705
hii_region,-2.45346,5.66558,0.01885,photometric_or_trigonometric,tablea1.dat:3711
hii_region,-2.44176,5.65472,0.01684,photometric_or_trigonometric,tablea1.dat:3713
hii_region,-6.06271,1.72990,0.03121,kinematic,tablea1.dat:3714
hii_region,-1.91516,6.21648,0.00519,kinematic,tablea1.dat:3715
hii_region,-9.61284,-2.16414,-0.13888,kinematic,tablea1.dat:3717
hii_region,-2.42753,5.64170,-0.02281,photometric_or_trigonometric,tablea1.dat:3718
hii_region,-6.27234,1.40654,0.01806,kinematic,tablea1.dat:3719
hii_region,-9.08603,-1.75218,-0.01372,kinematic,tablea1.dat:3720
hii_region,-2.40922,5.62542,-0.04769,photometric_or_trigonometric,tablea1.dat:3721
hii_region,-5.97657,1.65139,0.01373,kinematic,tablea1.dat:3722
hii_region,-6.77045,0.76533,-0.08115,kinematic,tablea1.dat:3723
hii_region,-10.21917,-3.07267,-0.12249,kinematic,tablea1.dat:3724
hii_region,-1.73984,6.35532,-0.05726,kinematic,tablea1.dat:3725
hii_region,-1.63595,6.43640,-0.03251,kinematic,tablea1.dat:3726
hii_region,-7.12442,0.18330,-0.04222,kinematic,tablea1.dat:3727
hii_region,-1.68049,6.38208,-0.00672,kinematic,tablea1.dat:3728
hii_region,-6.99290,0.28078,-0.03361,kinematic,tablea1.dat:3730
hii_region,-6.57484,0.71274,0.08078,kinematic,tablea1.dat:3732
hii_region,-7.19368,-0.02132,-0.08121,kinematic,tablea1.dat:3733
hii_region,-1.88923,6.10030,0.04616,kinematic,tablea1.dat:3737
hii_region,-7.43487,-0.36828,-0.00498,kinematic,tablea1.dat:3738
hii_region,-0.79263,7.35959,0.01653,photometric_or_trigonometric,tablea1.dat:3742
hii_region,-0.59641,7.58647,-0.00828,kinematic,tablea1.dat:3743
hii_region,-0.78804,7.35574,0.01674,photometric_or_trigonometric,tablea1.dat:3745
hii_region,-1.78555,6.15661,0.04212,kinematic,tablea1.dat:3749
hii_region,-1.40075,6.61662,0.01594,kinematic,tablea1.dat:3750
hii_region,-5.29527,1.93471,-0.04046,kinematic,tablea1.dat:3751
hii_region,-2.89649,4.81710,-0.02625,kinematic,tablea1.dat:3753
hii_region,-7.61773,-0.88114,-0.04331,kinematic,tablea1.dat:3755
hii_region,-5.38750,1.80335,-0.04522,kinematic,tablea1.dat:3758
hii_region,-2.10529,5.75948,-0.05909,photometric_or_trigonometric,tablea1.dat:3759
hii_region,-1.82933,6.09076,-0.09856,kinematic,tablea1.dat:3760
hii_region,-7.90116,-1.24374,0.03006,kinematic,tablea1.dat:3761
hii_region,-5.66551,1.38450,0.03838,kinematic,tablea1.dat:3762
hii_region,-7.71355,-1.12613,0.04188,kinematic,tablea1.dat:3764
hii_region,-1.87334,5.99543,-0.02125,kinematic,tablea1.dat:3765
hii_region,-5.60871,1.36442,-0.08080,kinematic,tablea1.dat:3766
hii_region,-2.28543,5.46713,-0.03488,kinematic,tablea1.dat:3770
hii_region,-1.55498,6.33034,0.05068,kinematic,tablea1.dat:3772
hii_region,-2.12891,5.56006,0.03712,kinematic,tablea1.dat:3774
hii_region,-6.73488,-0.44764,0.04258,kinematic,tablea1.dat:3777
hii_region,-2.10881,5.54448,-0.03004,kinematic,tablea1.dat:3778
hii_region,-1.62694,6.14622,0.06573,kinematic,tablea1.dat:3779
hii_region,-5.41812,0.98878,-0.01255,kinematic,tablea1.dat:3780
hii_region,-6.02091,0.09153,-0.04513,kinematic,tablea1.dat:3781
hii_region,-5.80136,0.33968,0.00550,kinematic,tablea1.dat:3782
hii_region,-2.44365,4.92174,-0.06943,kinematic,tablea1.dat:3783
hii_region,-3.52007,3.42880,0.02423,kinematic,tablea1.dat:3784
hii_region,-4.54014,2.00679,0.01476,kinematic,tablea1.dat:3785
hii_region,-5.20645,0.88592,-0.08918,kinematic,tablea1.dat:3789
hii_region,-8.96907,-4.48729,-0.15921,kinematic,tablea1.dat:3790
hii_region,-1.70410,5.81894,0.02175,kinematic,tablea1.dat:3791
hii_region,-2.22300,4.98671,-0.02284,kinematic,tablea1.dat:3792
hii_region,-1.01152,6.78730,0.03100,photometric_or_trigonometric,tablea1.dat:3793
hii_region,-1.00935,6.78569,0.02189,photometric_or_trigonometric,tablea1.dat:3795
hii_region,-2.08952,5.15014,-0.02613,kinematic,tablea1.dat:3797
hii_region,-1.00596,6.78356,0.02903,photometric_or_trigonometric,tablea1.dat:3798
hii_region,-2.23263,4.93338,-0.05281,kinematic,tablea1.dat:3802
hii_region,-1.91107,5.41575,-0.02283,kinematic,tablea1.dat:3803
hii_region,-1.50771,6.02434,0.03321,kinematic,tablea1.dat:3805
hii_region,-5.17087,0.47403,0.02750,kinematic,tablea1.dat:3806
hii_region,-1.00063,6.77987,0.01871,photometric_or_trigonometric,tablea1.dat:3807
hii_region,-1.96203,5.31764,-0.02935,kinematic,tablea1.dat:3811
hii_region,-1.93154,5.35749,-0.03465,kinematic,tablea1.dat:3812
hii_region,-1.53615,5.95920,0.03010,kinematic,tablea1.dat:3813
hii_region,-5.43482,0.00136,-0.04138,kinematic,tablea1.dat:3816
hii_region,-5.64707,-0.32536,-0.09915,kinematic,tablea1.dat:3817
hii_region,-5.58999,-0.26718,-0.09159,kinematic,tablea1.dat:3818
hii_region,-1.64436,5.77890,-0.01450,kinematic,tablea1.dat:3819
hii_region,-1.75504,5.61290,-0.05826,kinematic,tablea1.dat:3820
hii_region,-2.14279,5.00556,0.00213,kinematic,tablea1.dat:3821
hii_region,-1.83617,5.47417,-0.00929,kinematic,tablea1.dat:3822
hii_region,-0.99087,6.77343,0.01229,photometric_or_trigonometric,tablea1.dat:3823
hii_region,-2.05199,5.13744,-0.02073,kinematic,tablea1.dat:3824
hii_region,-5.51522,-0.20893,0.00708,kinematic,tablea1.dat:3825
hii_region,-2.69258,4.13471,0.04432,kinematic,tablea1.dat:3826
hii_region,-1.89009,5.35441,-0.03274,photometric_or_trigonometric,tablea1.dat:3827
hii_region,-4.71512,0.92916,0.03039,kinematic,tablea1.dat:3832
hii_region,-4.98913,0.49931,0.07321,kinematic,tablea1.dat:3833
hii_region,-1.40222,6.09896,-0.03644,photometric_or_trigonometric,tablea1.dat:3834
hii_region,-2.28183,4.70275,-0.02632,kinematic,tablea1.dat:3835
hii_region,-2.38462,4.51929,-0.02738,kinematic,tablea1.dat:3837
hii_region,-1.60350,5.75289,-0.03315,kinematic,tablea1.dat:3840
hii_region,-3.18891,3.22942,0.01181,kinematic,tablea1.dat:3841
hii_region,-5.72080,-0.80137,0.00338,kinematic,tablea1.dat:3842
hii_region,-1.54727,5.83564,-0.03139,kinematic,tablea1.dat:3843
hii_region,-1.88200,5.28993,-0.00533,photometric_or_trigonometric,tablea1.dat:3844
hii_region,-4.74614,0.68864,0.04712,kinematic,tablea1.dat:3846
hii_region,-2.88522,3.65314,0.05604,kinematic,tablea1.dat:3847
hii_region,-1.49686,5.88666,-0.02830,kinematic,tablea1.dat:3848
hii_region,-1.73480,5.49298,-0.03375,photometric_or_trigonometric,tablea1.dat:3851
hii_region,-3.04678,3.36491,0.04535,photometric_or_trigonometric,tablea1.dat:3853
hii_region,-5.47820,-0.65750,0.04930,kinematic,tablea1.dat:3857
hii_region,-1.84988,5.27024,-0.03209,photometric_or_trigonometric,tablea1.dat:3858
hii_region,-5.76464,-1.22080,-0.01612,kinematic,tablea1.dat:3861
hii_region,-1.46024,5.88772,0.03135,kinematic,tablea1.dat:3862
hii_region,-2.76923,3.69941,0.05323,kinematic,tablea1.dat:3864
hii_region,-1.45988,5.86400,-0.01522,kinematic,tablea1.dat:3865
hii_region,-4.97721,-0.07225,0.01972,kinematic,tablea1.dat:3866
hii_region,-4.06777,1.43463,0.02006,kinematic,tablea1.dat:3867
hii_region,-2.25472,4.48688,-0.03533,kinematic,tablea1.dat:3869
hii_region,-2.27902,4.44302,-0.01267,kinematic,tablea1.dat:3870
hii_region,-5.19345,-0.50161,0.09026,kinematic,tablea1.dat:3871
hii_region,-4.30530,0.99426,0.03064,kinematic,tablea1.dat:3872
hii_region,-4.75627,0.12266,0.02262,kinematic,tablea1.dat:3876
hii_region,-1.30838,6.03008,-0.00206,kinematic,tablea1.dat:3877
hii_region,-1.61111,5.50113,0.05964,kinematic,tablea1.dat:3878
hii_region,-2.63191,3.68838,0.04597,kinematic,tablea1.dat:3879
hii_region,-4.86950,-0.23888,-0.06605,kinematic,tablea1.dat:3880
hii_region,-1.83156,5.03927,-0.02585,kinematic,tablea1.dat:3883
hii_region,-1.80189,5.06849,-0.02396,kinematic,tablea1.dat:3885
hii_region,-2.45728,3.87678,-0.02323,kinematic,tablea1.dat:3889
hii_region,-2.49552,3.80648,-0.01633,kinematic,tablea1.dat:3890
hii_region,-4.58253,0.02405,-0.02510,kinematic,tablea1.dat:3892
hii_region,-1.88241,4.89592,-0.02967,kinematic,tablea1.dat:3894
hii_region,-1.96143,4.74541,-0.03585,kinematic,tablea1.dat:3895
hii_region,-2.39509,3.95665,-0.02069,kinematic,tablea1.dat:3899
hii_region,-4.87871,-0.55493,0.02364,kinematic,tablea1.dat:3900
hii_region,-2.00600,4.65576,-0.03304,kinematic,tablea1.dat:3902
hii_region,-4.64500,-0.16987,-0.03136,kinematic,tablea1.dat:3903
hii_region,-1.89120,4.84364,-0.02311,kinematic,tablea1.dat:3906
hii_region,-2.22447,4.22798,-0.00105,kinematic,tablea1.dat:3909
hii_region,-1.62008,5.33424,0.06324,kinematic,tablea1.dat:3911
hii_region,-5.51658,-1.80134,0.10185,kinematic,tablea1.dat:3914
hii_region,-1.85622,4.89291,-0.02404,kinematic,tablea1.dat:3915
hii_region,-4.54960,-0.08526,-0.01149,kinematic,tablea1.dat:3917
hii_region,-4.28248,0.39556,-0.01804,kinematic,tablea1.dat:3922
hii_region,-1.79307,4.95032,-0.06765,photometric_or_trigonometric,tablea1.dat:3923
hii_region,-1.77527,4.94030,-0.02958,photometric_or_trigonometric,tablea1.dat:3924
hii_region,-1.48779,5.46690,-0.00536,kinematic,tablea1.dat:3928
hii_region,-5.26255,-1.73305,-0.11133,kinematic,tablea1.dat:3930
hii_region,-1.75931,4.93188,-0.02388,photometric_or_trigonometric,tablea1.dat:3931
hii_region,-1.75223,4.92811,-0.00736,photometric_or_trigonometric,tablea1.dat:3933
hii_region,-1.74501,4.92460,-0.04026,photometric_or_trigonometric,tablea1.dat:3937
hii_region,-4.33785,-0.12932,-0.00116,kinematic,tablea1.dat:3941
hii_region,-1.73742,4.92181,-0.09583,photometric_or_trigonometric,tablea1.dat:3942
hii_region,-1.73754,4.92072,-0.03741,photometric_or_trigonometric,tablea1.dat:3944
hii_region,-0.80438,6.72432,0.05572,kinematic,tablea1.dat:3948
hii_region,-1.72630,4.91516,0.05253,photometric_or_trigonometric,tablea1.dat:3949
hii_region,-1.57531,5.20828,-0.02422,kinematic,tablea1.dat:3954
hii_region,-0.77025,6.78569,0.05992,photometric_or_trigonometric,tablea1.dat:3958
hii_region,-1.61437,5.11598,-0.02748,photometric_or_trigonometric,tablea1.dat:3959
hii_region,-4.37834,-0.35563,-0.01371,kinematic,tablea1.dat:3964
hii_region,-5.25246,-2.12115,0.01222,kinematic,tablea1.dat:3967
hii_region,-1.70785,4.90550,-0.02461,photometric_or_trigonometric,tablea1.dat:3968
hii_region,-4.96704,-1.59307,-0.02492,kinematic,tablea1.dat:3975
hii_region,-5.25743,-2.23049,-0.03328,kinematic,tablea1.dat:3976
hii_region,-1.43566,5.40662,-0.01173,kinematic,tablea1.dat:3978
hii_region,-1.68457,4.89393,-0.03031,photometric_or_trigonometric,tablea1.dat:3985
hii_region,-1.08008,6.11213,0.01559,kinematic,tablea1.dat:3987
hii_region,-4.66587,-1.34021,0.01271,kinematic,tablea1.dat:3988
hii_region,-1.45530,5.27205,0.05671,kinematic,tablea1.dat:3989
hii_region,-4.49790,-1.14234,0.15061,kinematic,tablea1.dat:3990
hii_region,-5.38360,-3.08088,-0.02351,kinematic,tablea1.dat:3991
hii_region,-7.08145,-6.69041,-0.19243,kinematic,tablea1.dat:3992
hii_region,-5.08945,-2.47801,-0.13606,kinematic,tablea1.dat:3993
hii_region,-4.91515,-2.52635,-0.05894,kinematic,tablea1.dat:3994
hii_region,-4.52980,-1.74594,-0.01866,kinematic,tablea1.dat:3995
hii_region,-1.43472,5.10760,-0.01222,kinematic,tablea1.dat:3998
hii_region,-1.88888,4.06190,0.01498,kinematic,tablea1.dat:3999
hii_region,-1.34906,5.26682,-0.04746,kinematic,tablea1.dat:4000
hii_region,-4.15575,-1.20084,-0.02371,kinematic,tablea1.dat:4002
hii_region,-2.07346,3.55314,-0.02116,kinematic,tablea1.dat:4005
hii_region,-0.56048,7.01711,-0.00733,photometric_or_trigonometric,tablea1.dat:4006
hii_region,-4.47387,-1.96764,0.00743,kinematic,tablea1.dat:4008
hii_region,-4.12886,-1.19074,-0.02782,kinematic,tablea1.dat:4010
hii_region,-0.55775,7.01641,-0.03609,photometric_or_trigonometric,tablea1.dat:4013
hii_region,-4.12455,-1.20350,-0.03291,kinematic,tablea1.dat:4016
hii_region,-3.69355,-0.28953,0.01175,kinematic,tablea1.dat:4017
hii_region,-4.19524,-1.45624,0.01335,kinematic,tablea1.dat:4018
hii_region,-0.74759,6.55330,-0.01244,kinematic,tablea1.dat:4019
hii_region,-4.18865,-1.49171,0.00874,kinematic,tablea1.dat:4020
hii_region,-4.24995,-1.65039,-0.00264,kinematic,tablea1.dat:4023
hii_region,-4.24900,-1.66165,-0.01890,kinematic,tablea1.dat:4024
hii_region,-3.52946,-0.01167,-0.00378,kinematic,tablea1.dat:4026
hii_region,-4.39866,-2.06510,0.06348,kinematic,tablea1.dat:4028
hii_region,-4.19824,-1.66141,-0.03415,kinematic,tablea1.dat:4030
hii_region,-4.32725,-1.97605,-0.00934,kinematic,tablea1.dat:4034
hii_region,-4.50738,-2.47523,-0.02039,kinematic,tablea1.dat:4035
hii_region,-1.17192,5.48422,-0.02129,kinematic,tablea1.dat:4036
hii_region,-3.76175,-0.80324,-0.05226,kinematic,tablea1.dat:4037
hii_region,-4.46905,-2.57773,-0.00985,kinematic,tablea1.dat:4038
hii_region,-4.46143,-2.55919,-0.03586,kinematic,tablea1.dat:4042
hii_region,-4.53733,-2.76590,-0.01211,kinematic,tablea1.dat:4044
hii_region,-4.07759,-1.64663,0.01745,kinematic,tablea1.dat:4046
hii_region,-4.45096,-2.60674,-0.01850,kinematic,tablea1.dat:4047
hii_region,-1.13001,5.51028,-0.02501,kinematic,tablea1.dat:4048
hii_region,-4.39521,-2.58619,-0.02479,kinematic,tablea1.dat:4051
hii_region,-4.55302,-3.01857,0.00149,kinematic,tablea1.dat:4053
hii_region,-4.62460,-3.18378,-0.01491,kinematic,tablea1.dat:4055
hii_region,-4.43256,-2.74360,-0.03593,kinematic,tablea1.dat:4057
hii_region,-4.63339,-3.36333,0.02891,kinematic,tablea1.dat:4060
hii_region,-4.80075,-3.82407,0.03732,kinematic,tablea1.dat:4061
hii_region,-1.07131,5.59446,-0.02057,kinematic,tablea1.dat:4062
hii_region,-4.56046,-3.22017,0.00735,kinematic,tablea1.dat:4063
hii_region,-5.59740,-5.84246,-0.06318,kinematic,tablea1.dat:4064
hii_region,-4.67150,-3.49886,0.00000,kinematic,tablea1.dat:4066
hii_region,-3.43091,-0.44073,-0.02376,kinematic,tablea1.dat:4070
hii_region,-1.88524,3.45413,0.05817,photometric_or_trigonometric,tablea1.dat:4071
hii_region,-1.39985,4.68143,0.02749,kinematic,tablea1.dat:4072
hii_region,-4.79856,-4.14675,0.08894,kinematic,tablea1.dat:4073
hii_region,-0.97107,5.78067,-0.00419,photometric_or_trigonometric,tablea1.dat:4074
hii_region,-1.86824,3.44751,0.05482,photometric_or_trigonometric,tablea1.dat:4077
hii_region,-2.19860,2.54576,-0.02322,kinematic,tablea1.dat:4080
hii_region,-1.68698,3.88108,0.01230,kinematic,tablea1.dat:4081
hii_region,-0.96194,5.77724,-0.01923,photometric_or_trigonometric,tablea1.dat:4083
hii_region,-3.91194,-2.04501,0.03146,kinematic,tablea1.dat:4084
hii_region,-3.60381,-1.32756,0.03194,kinematic,tablea1.dat:4085
hii_region,-3.40942,-0.81309,0.01562,kinematic,tablea1.dat:4086
hii_region,-4.49423,-3.77044,-0.02787,kinematic,tablea1.dat:4087
hii_region,-3.39796,-0.82805,0.01462,kinematic,tablea1.dat:4090
hii_region,-0.87675,5.92729,-0.04932,kinematic,tablea1.dat:4091
hii_region,-4.74958,-4.63544,0.06590,kinematic,tablea1.dat:4092
hii_region,-0.90760,5.82160,-0.05810,kinematic,tablea1.dat:4093
hii_region,-4.08880,-2.89677,-0.01976,kinematic,tablea1.dat:4094
hii_region,-3.18453,-0.42713,0.00924,kinematic,tablea1.dat:4095
hii_region,-1.76512,3.46220,-0.05087,kinematic,tablea1.dat:4096
hii_region,-1.27626,4.78454,-0.01651,kinematic,tablea1.dat:4097
hii_region,-1.56091,3.99483,0.07402,kinematic,tablea1.dat:4100
hii_region,-4.11051,-3.03783,-0.02968,kinematic,tablea1.dat:4101
hii_region,-1.40975,4.37568,0.03508,kinematic,tablea1.dat:4102
hii_region,-1.23687,4.85541,-0.02383,kinematic,tablea1.dat:4103
hii_region,-3.17657,-0.54700,-0.00755,kinematic,tablea1.dat:4105
hii_region,-1.13717,5.12768,-0.01306,kinematic,tablea1.dat:4107
hii_region,-0.82299,5.93975,-0.04398,photometric_or_trigonometric,tablea1.dat:4111
hii_region,-4.02527,-3.31183,-0.08130,kinematic,tablea1.dat:4114
hii_region,-1.10412,5.08428,-0.00593,photometric_or_trigonometric,tablea1.dat:4115
hii_region,-4.03320,-3.49951,-0.07596,kinematic,tablea1.dat:4116
hii_region,-1.09197,5.09071,-0.01373,kinematic,tablea1.dat:4117
hii_region,-1.09209,5.08022,-0.01881,photometric_or_trigonometric,tablea1.dat:4119
hii_region,-4.40799,-5.03008,0.01274,kinematic,tablea1.dat:4121
hii_region,-3.83959,-3.46948,-0.03587,kinematic,tablea1.dat:4122
hii_region,-4.59180,-5.80112,0.05306,kinematic,tablea1.dat:4123
hii_region,-1.28576,4.32278,0.03086,kinematic,tablea1.dat:4124
hii_region,-2.90955,-0.81683,0.05245,kinematic,tablea1.dat:4128
hii_region,-3.15710,-1.63019,0.01873,kinematic,tablea1.dat:4130
hii_region,-4.35238,-5.40551,-0.01104,kinematic,tablea1.dat:4131
hii_region,-3.69256,-3.55836,0.02818,kinematic,tablea1.dat:4132
hii_region,-3.67885,-3.69850,-0.06812,kinematic,tablea1.dat:4133
hii_region,-0.58464,6.38774,0.03839,photometric_or_trigonometric,tablea1.dat:4134
hii_region,-3.79670,-4.21684,-0.01415,kinematic,tablea1.dat:4135
hii_region,-0.86088,5.45758,-0.02084,kinematic,tablea1.dat:4136
hii_region,-3.73700,-4.30783,-0.00757,kinematic,tablea1.dat:4137
hii_region,-3.64907,-4.03090,-0.11290,kinematic,tablea1.dat:4140
hii_region,-3.60677,-4.02302,-0.00381,kinematic,tablea1.dat:4142
hii_region,-3.73377,-4.48588,-0.05138,kinematic,tablea1.dat:4143
hii_region,-4.61172,-7.68814,0.03340,kinematic,tablea1.dat:4149
hii_region,-0.73368,5.75376,-0.02969,kinematic,tablea1.dat:4150
hii_region,-0.67957,5.89427,-0.02566,kinematic,tablea1.dat:4152
hii_region,-1.25548,3.79155,0.00392,kinematic,tablea1.dat:4156
hii_region,-4.12326,-6.66225,-0.01192,kinematic,tablea1.dat:4160
hii_region,-3.31471,-3.78338,0.07435,kinematic,tablea1.dat:4162
hii_region,-0.78135,5.40440,-0.07073,kinematic,tablea1.dat:4163
hii_region,-3.44486,-4.55638,-0.05111,kinematic,tablea1.dat:4165
hii_region,-0.55324,6.23383,0.06685,kinematic,tablea1.dat:4168
hii_region,-0.61452,6.00159,0.06396,photometric_or_trigonometric,tablea1.dat:4169
hii_region,-2.74414,-2.01106,0.02533,kinematic,tablea1.dat:4172
hii_region,-0.52820,6.29871,-0.02706,kinematic,tablea1.dat:4173
hii_region,-0.60662,5.99901,0.04299,photometric_or_trigonometric,tablea1.dat:4174
hii_region,-0.67677,5.72761,-0.01941,kinematic,tablea1.dat:4178
hii_region,-0.60342,5.99858,0.06110,photometric_or_trigonometric,tablea1.dat:4180
hii_region,-2.70900,-2.04966,0.18935,kinematic,tablea1.dat:4183
hii_region,-2.69963,-2.06032,0.28260,kinematic,tablea1.dat:4184
hii_region,-0.59958,5.99750,0.05840,photometric_or_trigonometric,tablea1.dat:4185
hii_region,-0.60639,5.96787,-0.03954,kinematic,tablea1.dat:4189
hii_region,-0.59791,5.99634,0.00868,photometric_or_trigonometric,tablea1.dat:4194
hii_region,-2.68678,-2.08453,0.27489,kinematic,tablea1.dat:4195
hii_region,-0.50092,6.36378,0.01138,photometric_or_trigonometric,tablea1.dat:4196
hii_region,-0.48826,6.41216,0.01205,kinematic,tablea1.dat:4201
hii_region,-2.67932,-2.09008,0.01873,kinematic,tablea1.dat:4202
hii_region,-2.67660,-2.09080,-0.00787,kinematic,tablea1.dat:4203
hii_region,-2.66524,-2.11437,0.00188,kinematic,tablea1.dat:4206
hii_region,-2.65435,-2.12634,0.15343,kinematic,tablea1.dat:4208
hii_region,-2.63704,-2.14217,0.00771,kinematic,tablea1.dat:4210
hii_region,-2.60251,-2.18174,-0.00396,kinematic,tablea1.dat:4211
hii_region,-2.60108,-2.19240,-0.01057,kinematic,tablea1.dat:4213
hii_region,-2.56980,-2.06622,-0.01044,kinematic,tablea1.dat:4214
hii_region,-1.26369,3.15286,-0.00657,kinematic,tablea1.dat:4219
hii_region,-2.53202,-2.27099,-0.00247,kinematic,tablea1.dat:4221
hii_region,-2.53035,-2.27137,0.01840,kinematic,tablea1.dat:4222
hii_region,-2.47736,-2.32482,0.06246,kinematic,tablea1.dat:4223
hii_region,-0.04151,8.11700,0.06919,photometric_or_trigonometric,tablea1.dat:4224
hii_region,-0.43731,6.34999,0.07887,photometric_or_trigonometric,tablea1.dat:4226
hii_region,-1.13994,3.20605,0.02423,kinematic,tablea1.dat:4227
hii_region,-1.12445,3.21280,0.00764,kinematic,tablea1.dat:4228
hii_region,-1.11876,3.21157,0.01919,kinematic,tablea1.dat:4231
hii_region,-0.71654,4.96613,0.00089,kinematic,tablea1.dat:4236
hii_region,-1.23295,2.56104,-0.03258,kinematic,tablea1.dat:4238
hii_region,-2.31059,-2.49450,-0.14663,kinematic,tablea1.dat:4239
hii_region,-1.08222,3.22424,-0.03977,kinematic,tablea1.dat:4240
hii_region,-2.28796,-2.52066,0.04671,kinematic,tablea1.dat:4243
hii_region,-2.27153,-2.52411,0.04922,kinematic,tablea1.dat:4244
hii_region,-1.06593,3.22069,0.02310,kinematic,tablea1.dat:4245
hii_region,-0.26528,7.02740,0.01041,photometric_or_trigonometric,tablea1.dat:4247
hii_region,-0.68931,4.99154,-0.05793,photometric_or_trigonometric,tablea1.dat:4251
hii_region,-0.38171,6.41861,-0.03254,kinematic,tablea1.dat:4257
hii_region,-0.66765,4.98676,-0.03250,photometric_or_trigonometric,tablea1.dat:4261
hii_region,-0.41255,6.25139,-0.03319,kinematic,tablea1.dat:4262
hii_region,-2.97130,-6.58611,0.08690,kinematic,tablea1.dat:4263
hii_region,-0.66132,4.98589,-0.06082,photometric_or_trigonometric,tablea1.dat:4264
hii_region,-2.14640,-2.63121,-0.03480,kinematic,tablea1.dat:4274
hii_region,-1.03899,2.89904,0.01008,kinematic,tablea1.dat:4277
hii_region,-2.10454,-2.66995,0.00390,kinematic,tablea1.dat:4280
hii_region,-0.96654,3.26188,0.00179,kinematic,tablea1.dat:4281
hii_region,-0.66086,4.85329,-0.05979,kinematic,tablea1.dat:4282
hii_region,-0.59862,5.02486,-0.06352,kinematic,tablea1.dat:4285
hii_region,-2.00428,-2.74967,0.02430,kinematic,tablea1.dat:4286
hii_region,-0.38806,6.13459,-0.02062,photometric_or_trigonometric,tablea1.dat:4288
hii_region,-0.03265,8.11781,0.07576,photometric_or_trigonometric,tablea1.dat:4292
hii_region,-1.96785,-2.77654,0.01610,kinematic,tablea1.dat:4293
hii_region,-0.27784,6.72432,0.00559,photometric_or_trigonometric,tablea1.dat:4296
hii_region,-2.17315,-4.02958,0.09571,kinematic,tablea1.dat:4297
hii_region,-1.85488,-2.35981,0.01662,kinematic,tablea1.dat:4299
hii_region,-1.95212,-2.97221,0.00399,kinematic,tablea1.dat:4304
hii_region,-1.85274,-2.57324,0.03022,kinematic,tablea1.dat:4306
hii_region,-1.84004,-2.50442,0.02047,kinematic,tablea1.dat:4307
hii_region,-0.22223,6.96861,0.02262,photometric_or_trigonometric,tablea1.dat:4309
hii_region,-0.23016,6.89893,0.02072,kinematic,tablea1.dat:4312
hii_region,-2.19522,-5.09076,-0.11629,kinematic,tablea1.dat:4313
hii_region,-1.81298,-2.87388,-0.00593,kinematic,tablea1.dat:4315
hii_region,-2.53695,-7.38617,-0.00527,kinematic,tablea1.dat:4316
hii_region,-2.19916,-5.54583,-0.13042,kinematic,tablea1.dat:4318
hii_region,-2.11425,-5.04285,-0.13605,kinematic,tablea1.dat:4319
hii_region,-0.21024,6.96656,0.01555,photometric_or_trigonometric,tablea1.dat:4321
hii_region,-2.76034,-9.18337,0.04788,kinematic,tablea1.dat:4324
hii_region,-0.20698,6.96606,0.01579,photometric_or_trigonometric,tablea1.dat:4329
hii_region,-0.20650,6.96594,0.01138,photometric_or_trigonometric,tablea1.dat:4332
hii_region,-2.52012,-8.06587,0.20231,kinematic,tablea1.dat:4335
hii_region,-0.02882,8.11145,0.06014,photometric_or_trigonometric,tablea1.dat:4337
hii_region,-0.20378,6.96564,0.02163,photometric_or_trigonometric,tablea1.dat:4339
hii_region,-0.20326,6.96546,0.01390,photometric_or_trigonometric,tablea1.dat:4341
hii_region,-0.20284,6.96542,0.01569,photometric_or_trigonometric,tablea1.dat:4342
hii_region,-0.20279,6.96544,0.01838,photometric_or_trigonometric,tablea1.dat:4352
hii_region,-0.20739,6.92565,0.01555,kinematic,tablea1.dat:4356
hii_region,-1.95854,-4.75346,-0.10644,kinematic,tablea1.dat:4357
hii_region,-0.73470,3.32404,-0.03055,kinematic,tablea1.dat:4362
hii_region,-1.69552,-3.20569,0.03471,kinematic,tablea1.dat:4368
hii_region,-0.37643,5.73813,-0.05677,photometric_or_trigonometric,tablea1.dat:4371
hii_region,-0.19576,6.96432,0.01220,photometric_or_trigonometric,tablea1.dat:4375
hii_region,-2.50277,-8.83703,0.20223,kinematic,tablea1.dat:4377
hii_region,-0.37407,5.73770,-0.05266,photometric_or_trigonometric,tablea1.dat:4378
hii_region,-0.10871,7.54785,-0.00720,kinematic,tablea1.dat:4380
hii_region,-0.02783,8.10687,0.04390,photometric_or_trigonometric,tablea1.dat:4382
hii_region,-0.67707,3.33598,-0.01320,kinematic,tablea1.dat:4384
hii_region,-0.66278,3.33404,-0.00498,kinematic,tablea1.dat:4387
hii_region,-0.13146,7.30946,0.03943,photometric_or_trigonometric,tablea1.dat:4390
hii_region,-0.64302,3.34154,-0.01501,kinematic,tablea1.dat:4396
hii_region,-1.44689,-2.95736,0.02932,kinematic,tablea1.dat:4401
hii_region,-2.12328,-8.59288,0.37834,kinematic,tablea1.dat:4402
hii_region,-0.70167,2.69377,-0.01962,kinematic,tablea1.dat:4404
hii_region,-0.21585,6.53335,0.02737,photometric_or_trigonometric,tablea1.dat:4408
hii_region,-0.21436,6.53299,0.01112,photometric_or_trigonometric,tablea1.dat:4410
hii_region,-0.21272,6.53288,0.02050,photometric_or_trigonometric,tablea1.dat:4414
hii_region,-0.21055,6.53272,0.02811,photometric_or_trigonometric,tablea1.dat:4425
hii_region,-0.57549,3.35339,-0.01452,kinematic,tablea1.dat:4435
hii_region,-0.57403,3.35320,-0.00991,kinematic,tablea1.dat:4438
hii_region,-0.36155,5.16082,-0.02030,kinematic,tablea1.dat:4441
hii_region,-4.04438,-33.59519,0.06244,kinematic,tablea1.dat:4455
hii_region,-0.98464,-2.24403,0.04565,kinematic,tablea1.dat:4463
hii_region,-3.21683,-27.98710,0.20791,kinematic,tablea1.dat:4466
hii_region,-1.47379,-8.47467,-0.15518,kinematic,tablea1.dat:4467
hii_region,-3.41104,-31.73438,-0.21319,kinematic,tablea1.dat:4468
hii_region,-2.42329,-20.86950,0.03321,kinematic,tablea1.dat:4469
hii_region,-1.48949,-10.76187,-0.03337,kinematic,tablea1.dat:4474
hii_region,-0.38484,3.37502,-0.00862,kinematic,tablea1.dat:4476
hii_region,-2.65047,-25.99730,0.17291,kinematic,tablea1.dat:4479
hii_region,-0.38062,3.37475,0.02483,kinematic,tablea1.dat:4480
hii_region,-0.09185,7.10353,0.00461,photometric_or_trigonometric,tablea1.dat:4481
hii_region,-1.39737,-10.26714,0.11374,kinematic,tablea1.dat:4484
hii_region,-0.36998,3.38399,0.03012,kinematic,tablea1.dat:4485
hii_region,-0.36965,3.38388,-0.00086,kinematic,tablea1.dat:4486
hii_region,-2.37666,-23.56139,0.07695,kinematic,tablea1.dat:4487
hii_region,-0.36673,3.38367,0.01187,kinematic,tablea1.dat:4488
hii_region,-1.37507,-10.42941,-0.08293,kinematic,tablea1.dat:4489
hii_region,-0.08597,7.10356,0.03372,photometric_or_trigonometric,tablea1.dat:4491
hii_region,-2.08366,-23.32140,0.03650,kinematic,tablea1.dat:4493
hii_region,-0.62229,-1.14888,0.11090,kinematic,tablea1.dat:4494
hii_region,-1.30839,-12.90968,-0.00037,kinematic,tablea1.dat:4498
hii_region,-1.31587,-13.59046,-0.03292,kinematic,tablea1.dat:4499
hii_region,-0.77306,-9.78266,-0.17217,kinematic,tablea1.dat:4505
hii_region,-0.04343,6.80141,-0.04842,photometric_or_trigonometric,tablea1.dat:4510
hii_region,-0.19854,0.08241,-0.01090,kinematic,tablea1.dat:4516
hii_region,-0.01345,7.23010,-0.00486,kinematic,tablea1.dat:4532
hii_region,-0.00707,6.80005,-0.01066,photometric_or_trigonometric,tablea1.dat:4541
hii_region,-0.00079,6.80005,-0.01202,photometric_or_trigonometric,tablea1.dat:4548
molecular_cloud,1.30818,-1.00817,-0.08203,kinematic,tablea2.dat:1
molecular_cloud,1.86700,-4.65609,0.04569,kinematic,tablea2.dat:2
molecular_cloud,1.63555,-2.91131,-0.01977,kinematic,tablea2.dat:4
molecular_cloud,0.42007,5.42052,-0.01524,kinematic,tablea2.dat:5
molecular_cloud,0.66175,3.81866,-0.02372,kinematic,tablea2.dat:6
molecular_cloud,0.42415,5.46196,-0.05009,kinematic,tablea2.dat:7
molecular_cloud,0.51577,4.92942,0.03571,kinematic,tablea2.dat:8
molecular_cloud,0.64157,4.38218,0.00000,kinematic,tablea2.dat:10
molecular_cloud,0.42175,5.72450,0.03189,kinematic,tablea2.dat:11
molecular_cloud,0.59197,4.80006,0.04957,kinematic,tablea2.dat:12
molecular_cloud,0.62291,4.69372,-0.04791,kinematic,tablea2.dat:13
molecular_cloud,0.67723,4.45925,-0.00272,kinematic,tablea2.dat:14
molecular_cloud,0.94181,3.26749,-0.03574,kinematic,tablea2.dat:16
molecular_cloud,0.66701,4.80340,-0.04971,kinematic,tablea2.dat:17
molecular_cloud,0.98954,3.25628,-0.03588,kinematic,tablea2.dat:18
molecular_cloud,2.39873,-3.92644,-0.10873,kinematic,tablea2.dat:19
molecular_cloud,0.90328,3.82022,-0.02393,kinematic,tablea2.dat:20
molecular_cloud,0.72990,4.74423,-0.02534,kinematic,tablea2.dat:21
molecular_cloud,0.89834,3.96210,-0.02320,kinematic,tablea2.dat:22
molecular_cloud,2.49300,-3.53016,-0.02110,kinematic,tablea2.dat:23
molecular_cloud,0.65360,5.19843,0.04426,kinematic,tablea2.dat:24
molecular_cloud,0.77963,4.63215,-0.03927,kinematic,tablea2.dat:25
molecular_cloud,2.81696,-4.72893,-0.02327,kinematic,tablea2.dat:26
molecular_cloud,0.65060,5.34090,-0.03702,kinematic,tablea2.dat:27
molecular_cloud,2.53262,-2.93814,-0.02011,kinematic,tablea2.dat:28
molecular_cloud,0.53199,5.93938,0.02957,kinematic,tablea2.dat:29
molecular_cloud,0.76434,4.93576,-0.01204,kinematic,tablea2.dat:30
molecular_cloud,0.80813,4.77150,0.03159,kinematic,tablea2.dat:31
molecular_cloud,0.95379,4.16868,-0.00740,kinematic,tablea2.dat:32
molecular_cloud,0.76931,4.96774,0.02388,kinematic,tablea2.dat:33
molecular_cloud,4.78341,-12.01443,0.00000,kinematic,tablea2.dat:34
molecular_cloud,0.99472,4.21950,-0.00733,kinematic,tablea2.dat:35
molecular_cloud,1.01375,4.20363,0.02210,kinematic,tablea2.dat:36
molecular_cloud,0.71579,5.40762,0.04681,kinematic,tablea2.dat:37
molecular_cloud,0.70157,5.48615,-0.00506,kinematic,tablea2.dat:38
molecular_cloud,0.55155,6.08785,-0.02388,kinematic,tablea2.dat:39
molecular_cloud,0.90273,4.73246,-0.01285,kinematic,tablea2.dat:40
molecular_cloud,5.36064,-12.42804,0.00000,kinematic,tablea2.dat:41
molecular_cloud,0.88976,4.88417,-0.03697,kinematic,tablea2.dat:42
molecular_cloud,0.70399,5.67268,0.00000,kinematic,tablea2.dat:43
molecular_cloud,0.60818,6.03024,-0.02871,kinematic,tablea2.dat:44
molecular_cloud,0.98719,4.64131,0.05953,kinematic,tablea2.dat:45
molecular_cloud,0.83120,5.26164,0.00000,kinematic,tablea2.dat:46
molecular_cloud,1.17981,4.10269,-0.01522,kinematic,tablea2.dat:47
molecular_cloud,1.07817,4.48983,-0.04147,kinematic,tablea2.dat:48
molecular_cloud,0.59996,6.19382,0.01147,kinematic,tablea2.dat:49
molecular_cloud,0.59994,6.19390,-0.02293,kinematic,tablea2.dat:50
molecular_cloud,1.20250,4.07860,-0.07662,kinematic,tablea2.dat:51
molecular_cloud,1.19118,4.19995,-0.05962,kinematic,tablea2.dat:52
molecular_cloud,3.36354,-3.23979,-0.01049,kinematic,tablea2.dat:53
molecular_cloud,0.60623,6.22687,-0.01508,kinematic,tablea2.dat:54
molecular_cloud,0.78585,5.61261,0.01955,kinematic,tablea2.dat:55
molecular_cloud,0.95995,5.05927,0.02360,kinematic,tablea2.dat:56
molecular_cloud,1.24638,4.13238,-0.00380,kinematic,tablea2.dat:57
molecular_cloud,1.04309,4.82321,-0.02851,kinematic,tablea2.dat:58
molecular_cloud,3.75741,-4.14513,0.02269,kinematic,tablea2.dat:59
molecular_cloud,0.72093,5.92713,0.01299,kinematic,tablea2.dat:60
molecular_cloud,3.63127,-3.43075,-0.04287,kinematic,tablea2.dat:61
molecular_cloud,1.10610,4.74873,-0.05843,kinematic,tablea2.dat:62
molecular_cloud,3.76392,-3.49393,0.02161,kinematic,tablea2.dat:63
molecular_cloud,0.69319,6.12796,0.01194,kinematic,tablea2.dat:64
molecular_cloud,6.25576,-11.24298,-0.08954,kinematic,tablea2.dat:65
molecular_cloud,1.21668,4.54205,-0.00069,kinematic,tablea2.dat:66
molecular_cloud,4.61098,-5.94187,-0.09406,kinematic,tablea2.dat:67
molecular_cloud,3.80997,-3.46778,-0.14249,kinematic,tablea2.dat:68
molecular_cloud,4.73672,-6.33025,0.25231,kinematic,tablea2.dat:69
molecular_cloud,1.07767,4.99114,-0.02187,kinematic,tablea2.dat:70
molecular_cloud,1.19871,4.65195,-0.02078,kinematic,tablea2.dat:71
molecular_cloud,1.41474,4.00716,-0.02051,kinematic,tablea2.dat:72
molecular_cloud,3.92158,-3.59955,0.15089,kinematic,tablea2.dat:73
molecular_cloud,1.43731,3.95143,-0.02078,kinematic,tablea2.dat:74
molecular_cloud,1.23333,4.57948,-0.05542,kinematic,tablea2.dat:75
molecular_cloud,3.92645,-3.54476,-0.18732,kinematic,tablea2.dat:76
molecular_cloud,1.12309,4.92189,-0.02547,kinematic,tablea2.dat:77
molecular_cloud,2.97616,-0.57422,0.01470,kinematic,tablea2.dat:78
molecular_cloud,1.23053,4.63086,-0.01081,kinematic,tablea2.dat:79
molecular_cloud,1.15720,4.85945,-0.01964,kinematic,tablea2.dat:80
molecular_cloud,3.44161,-1.87364,0.00750,kinematic,tablea2.dat:81
molecular_cloud,3.89344,-3.20928,-0.01272,kinematic,tablea2.dat:82
molecular_cloud,3.16791,-0.98442,-0.00171,kinematic,tablea2.dat:83
molecular_cloud,3.86560,-2.99693,0.00834,kinematic,tablea2.dat:84
molecular_cloud,1.43740,4.09930,-0.03952,kinematic,tablea2.dat:85
molecular_cloud,1.41794,4.15617,-0.05045,kinematic,tablea2.dat:86
molecular_cloud,1.42488,4.14772,-0.01992,kinematic,tablea2.dat:87
molecular_cloud,3.77143,-2.69039,0.10951,kinematic,tablea2.dat:88
molecular_cloud,1.38296,4.28131,-0.00445,kinematic,tablea2.dat:89
molecular_cloud,1.47121,4.03698,-0.04801,kinematic,tablea2.dat:90
molecular_cloud,1.44229,4.13257,-0.02001,kinematic,tablea2.dat:91
molecular_cloud,1.17380,4.91791,0.00562,kinematic,tablea2.dat:92
molecular_cloud,3.30497,-1.22268,-0.04574,kinematic,tablea2.dat:93
molecular_cloud,0.82335,5.96066,-0.00043,kinematic,tablea2.dat:94
molecular_cloud,3.21964,-0.79703,0.02358,kinematic,tablea2.dat:95
molecular_cloud,3.78936,-2.37714,-0.09096,kinematic,tablea2.dat:96
molecular_cloud,3.84909,-2.51549,-0.01202,kinematic,tablea2.dat:97
molecular_cloud,3.12823,-0.48993,0.01466,kinematic,tablea2.dat:98
molecular_cloud,4.12738,-3.26547,-0.05572,kinematic,tablea2.dat:99
molecular_cloud,1.33426,4.56121,-0.04573,kinematic,tablea2.dat:100
molecular_cloud,3.90103,-2.57122,-0.03225,kinematic,tablea2.dat:101
molecular_cloud,4.16782,-3.31472,-0.05600,kinematic,tablea2.dat:102
molecular_cloud,1.17768,5.03603,-0.02180,kinematic,tablea2.dat:103
molecular_cloud,1.54081,4.02959,-0.03249,kinematic,tablea2.dat:104
molecular_cloud,1.16688,5.07476,-0.03352,kinematic,tablea2.dat:105
molecular_cloud,1.49714,4.17321,-0.01609,kinematic,tablea2.dat:106
molecular_cloud,1.14577,5.14175,-0.04750,kinematic,tablea2.dat:107
molecular_cloud,6.94970,-10.79416,0.13122,kinematic,tablea2.dat:108
molecular_cloud,3.97845,-2.60701,-0.03242,kinematic,tablea2.dat:109
molecular_cloud,1.10514,5.28658,-0.04538,kinematic,tablea2.dat:110
molecular_cloud,3.90321,-2.31433,-0.13028,kinematic,tablea2.dat:111
molecular_cloud,3.82142,-2.03619,0.01731,kinematic,tablea2.dat:112
molecular_cloud,4.23254,-3.05668,-0.07615,kinematic,tablea2.dat:113
molecular_cloud,2.11775,2.63280,-0.02217,kinematic,tablea2.dat:114
molecular_cloud,1.48742,4.36158,-0.02278,kinematic,tablea2.dat:115
molecular_cloud,4.06765,-2.41381,-0.01200,kinematic,tablea2.dat:116
molecular_cloud,4.08766,-2.43826,0.02808,kinematic,tablea2.dat:117
molecular_cloud,4.40217,-3.17402,-0.10939,kinematic,tablea2.dat:118
molecular_cloud,4.54712,-3.42926,-0.06806,kinematic,tablea2.dat:119
molecular_cloud,3.43887,-0.50207,0.01484,kinematic,tablea2.dat:120
molecular_cloud,1.56841,4.28552,-0.01204,kinematic,tablea2.dat:121
molecular_cloud,1.68863,3.98892,-0.00081,kinematic,tablea2.dat:122
molecular_cloud,1.90744,3.43030,-0.02373,kinematic,tablea2.dat:123
molecular_cloud,1.38220,4.77123,-0.03704,kinematic,tablea2.dat:124
molecular_cloud,1.40351,4.72600,-0.04758,kinematic,tablea2.dat:125
molecular_cloud,3.96348,-1.76704,-0.13408,kinematic,tablea2.dat:126
molecular_cloud,4.06069,-1.98759,-0.00193,kinematic,tablea2.dat:127
molecular_cloud,1.68155,4.03987,-0.00879,kinematic,tablea2.dat:128
molecular_cloud,3.91746,-1.62474,0.04469,kinematic,tablea2.dat:129
molecular_cloud,3.45884,-0.44050,-0.00984,kinematic,tablea2.dat:130
molecular_cloud,3.37789,-0.23592,-0.01762,kinematic,tablea2.dat:131
molecular_cloud,4.94504,-4.13266,-0.00234,kinematic,tablea2.dat:132
molecular_cloud,3.76976,-1.17781,-0.01068,kinematic,tablea2.dat:133
molecular_cloud,4.11139,-2.01050,-0.00194,kinematic,tablea2.dat:134
molecular_cloud,3.72247,-1.03517,0.01579,kinematic,tablea2.dat:135
molecular_cloud,1.79310,3.82600,-0.02187,kinematic,tablea2.dat:136
molecular_cloud,4.80247,-3.68277,0.13294,kinematic,tablea2.dat:137
molecular_cloud,1.41667,4.77414,-0.03714,kinematic,tablea2.dat:138
molecular_cloud,2.10357,3.07775,0.00393,kinematic,tablea2.dat:139
molecular_cloud,4.00162,-1.63431,0.02617,kinematic,tablea2.dat:140
molecular_cloud,4.13012,-1.92755,-0.01155,kinematic,tablea2.dat:141
molecular_cloud,1.35841,4.94456,0.01200,kinematic,tablea2.dat:142
molecular_cloud,4.14984,-1.95060,-0.16600,kinematic,tablea2.dat:143
molecular_cloud,4.22102,-1.99702,-0.17676,kinematic,tablea2.dat:144
molecular_cloud,1.88910,3.70303,0.00781,kinematic,tablea2.dat:145
molecular_cloud,5.22636,-4.41788,0.05760,kinematic,tablea2.dat:146
molecular_cloud,4.18582,-1.86060,-0.14577,kinematic,tablea2.dat:147
molecular_cloud,1.88946,3.72490,0.02937,kinematic,tablea2.dat:148
molecular_cloud,1.69431,4.21763,-0.00077,kinematic,tablea2.dat:149
molecular_cloud,1.80926,3.95139,-0.01726,kinematic,tablea2.dat:150
molecular_cloud,5.62011,-5.17492,-0.02803,kinematic,tablea2.dat:151
molecular_cloud,1.79751,4.00080,-0.03741,kinematic,tablea2.dat:152
molecular_cloud,2.21104,3.02468,-0.02596,kinematic,tablea2.dat:153
molecular_cloud,1.95258,3.67533,0.01665,kinematic,tablea2.dat:154
molecular_cloud,3.59394,-0.21218,0.06289,kinematic,tablea2.dat:155
molecular_cloud,1.63701,4.43218,-0.01173,kinematic,tablea2.dat:156
molecular_cloud,1.75394,4.15593,0.01885,kinematic,tablea2.dat:157
molecular_cloud,1.86693,3.89966,-0.00083,kinematic,tablea2.dat:158
molecular_cloud,2.21517,3.09150,-0.01087,kinematic,tablea2.dat:159
molecular_cloud,1.44025,4.91357,-0.01349,kinematic,tablea2.dat:160
molecular_cloud,1.80030,4.06697,0.01927,kinematic,tablea2.dat:161
molecular_cloud,1.78070,4.11305,-0.03256,kinematic,tablea2.dat:162
molecular_cloud,2.26285,2.99226,0.01913,kinematic,tablea2.dat:163
molecular_cloud,5.76486,-5.22207,0.10006,kinematic,tablea2.dat:164
molecular_cloud,4.86661,-3.11512,0.13862,kinematic,tablea2.dat:165
molecular_cloud,5.26196,-4.01267,0.04440,kinematic,tablea2.dat:166
molecular_cloud,1.51294,4.75981,-0.02419,kinematic,tablea2.dat:167
molecular_cloud,1.50506,4.77825,-0.03075,kinematic,tablea2.dat:168
molecular_cloud,1.83872,4.01820,-0.02928,kinematic,tablea2.dat:169
molecular_cloud,1.59405,4.58795,-0.03596,kinematic,tablea2.dat:170
molecular_cloud,1.90168,3.89281,-0.01759,kinematic,tablea2.dat:171
molecular_cloud,4.60108,-2.33756,-0.02225,kinematic,tablea2.dat:172
molecular_cloud,2.20373,3.21721,-0.02031,kinematic,tablea2.dat:173
molecular_cloud,2.24351,3.12546,-0.02067,kinematic,tablea2.dat:174
molecular_cloud,1.63016,4.54909,-0.03641,kinematic,tablea2.dat:175
molecular_cloud,4.13764,-1.19777,0.04340,kinematic,tablea2.dat:176
molecular_cloud,2.28508,3.06717,0.00399,kinematic,tablea2.dat:177
molecular_cloud,1.48470,4.90004,-0.00389,kinematic,tablea2.dat:178
molecular_cloud,1.87662,4.01274,0.01144,kinematic,tablea2.dat:179
molecular_cloud,4.14225,-1.14079,0.09717,kinematic,tablea2.dat:180
molecular_cloud,4.62485,-2.14148,-0.05182,kinematic,tablea2.dat:181
molecular_cloud,1.81381,4.21461,-0.02418,kinematic,tablea2.dat:182
molecular_cloud,1.80113,4.25269,-0.00850,kinematic,tablea2.dat:183
molecular_cloud,1.92310,3.97861,0.01156,kinematic,tablea2.dat:184
molecular_cloud,4.70212,-2.21664,0.02815,kinematic,tablea2.dat:185
molecular_cloud,1.96329,3.90895,-0.01763,kinematic,tablea2.dat:186
molecular_cloud,2.16324,3.46174,0.04070,kinematic,tablea2.dat:187
molecular_cloud,1.47105,5.02523,-0.00063,kinematic,tablea2.dat:188
molecular_cloud,4.15883,-0.95813,-0.11692,kinematic,tablea2.dat:189
molecular_cloud,2.09796,3.64053,-0.00535,kinematic,tablea2.dat:190
molecular_cloud,3.71553,0.04798,0.03791,kinematic,tablea2.dat:191
molecular_cloud,2.27068,3.26866,0.00867,kinematic,tablea2.dat:192
molecular_cloud,3.69586,0.14874,0.00625,kinematic,tablea2.dat:193
molecular_cloud,3.67934,0.18517,0.00622,kinematic,tablea2.dat:194
molecular_cloud,3.74127,0.04858,0.02214,kinematic,tablea2.dat:195
molecular_cloud,1.29249,5.44941,-0.02240,kinematic,tablea2.dat:196
molecular_cloud,5.12207,-2.97063,0.04105,kinematic,tablea2.dat:197
molecular_cloud,2.32131,3.20400,0.04789,kinematic,tablea2.dat:198
molecular_cloud,1.40102,5.22432,-0.04188,kinematic,tablea2.dat:199
molecular_cloud,4.06190,-0.59657,-0.01878,kinematic,tablea2.dat:200
molecular_cloud,1.31659,5.41635,-0.00885,kinematic,tablea2.dat:201
molecular_cloud,2.29260,3.27865,-0.02023,kinematic,tablea2.dat:202
molecular_cloud,3.76890,0.08317,-0.02524,kinematic,tablea2.dat:203
molecular_cloud,4.63595,-1.80715,-0.08928,kinematic,tablea2.dat:204
molecular_cloud,3.82395,0.02041,0.01433,kinematic,tablea2.dat:205
molecular_cloud,2.15503,3.64462,-0.01433,kinematic,tablea2.dat:206
molecular_cloud,1.29797,5.49608,0.03721,kinematic,tablea2.dat:207
molecular_cloud,1.36364,5.36095,0.00792,kinematic,tablea2.dat:208
molecular_cloud,1.39150,5.30774,-0.00922,kinematic,tablea2.dat:209
molecular_cloud,5.03409,-2.52523,-0.18963,kinematic,tablea2.dat:210
molecular_cloud,2.45062,3.05419,0.00404,kinematic,tablea2.dat:211
molecular_cloud,1.55909,4.97774,-0.02626,kinematic,tablea2.dat:212
molecular_cloud,1.57605,4.94160,-0.03626,kinematic,tablea2.dat:213
molecular_cloud,2.44306,3.10588,0.01403,kinematic,tablea2.dat:214
molecular_cloud,1.71949,4.64424,-0.01833,kinematic,tablea2.dat:215
molecular_cloud,1.63185,4.84623,-0.03067,kinematic,tablea2.dat:216
molecular_cloud,3.89330,0.09704,0.00634,kinematic,tablea2.dat:217
molecular_cloud,1.60360,4.92131,-0.02350,kinematic,tablea2.dat:218
molecular_cloud,2.29387,3.47781,-0.01491,kinematic,tablea2.dat:219
molecular_cloud,1.63658,4.85957,-0.03391,kinematic,tablea2.dat:220
molecular_cloud,1.72141,4.68936,-0.00419,kinematic,tablea2.dat:221
molecular_cloud,3.88178,0.15801,0.01417,kinematic,tablea2.dat:222
molecular_cloud,1.71591,4.70898,-0.02501,kinematic,tablea2.dat:223
molecular_cloud,3.71024,0.55266,-0.03148,kinematic,tablea2.dat:224
molecular_cloud,3.82685,0.30917,0.03711,kinematic,tablea2.dat:225
molecular_cloud,2.28041,3.54894,-0.01012,kinematic,tablea2.dat:226
molecular_cloud,4.90290,-1.89203,0.00790,kinematic,tablea2.dat:227
molecular_cloud,4.85944,-1.80169,0.07630,kinematic,tablea2.dat:228
molecular_cloud,1.34363,5.50689,0.05627,kinematic,tablea2.dat:229
molecular_cloud,4.08229,-0.16723,0.03117,kinematic,tablea2.dat:230
molecular_cloud,3.89119,0.22914,0.03753,kinematic,tablea2.dat:231
molecular_cloud,4.21250,-0.43731,0.06603,kinematic,tablea2.dat:232
molecular_cloud,8.09355,-8.47966,0.12031,kinematic,tablea2.dat:233
molecular_cloud,1.46606,5.26596,0.04646,kinematic,tablea2.dat:234
molecular_cloud,2.43647,3.28005,0.00877,kinematic,tablea2.dat:235
molecular_cloud,2.38840,3.37909,0.03246,kinematic,tablea2.dat:236
molecular_cloud,3.94561,0.18876,-0.01732,kinematic,tablea2.dat:237
molecular_cloud,1.88531,4.42426,0.01805,kinematic,tablea2.dat:238
molecular_cloud,2.24366,3.69779,-0.00536,kinematic,tablea2.dat:239
molecular_cloud,1.41086,5.40603,0.05283,kinematic,tablea2.dat:240
molecular_cloud,2.38751,3.45648,0.01319,kinematic,tablea2.dat:241
molecular_cloud,4.67330,-1.18068,0.04428,kinematic,tablea2.dat:242
molecular_cloud,2.46703,3.30614,-0.00583,kinematic,tablea2.dat:243
molecular_cloud,3.84892,0.50888,0.02123,kinematic,tablea2.dat:244
molecular_cloud,3.86460,0.49430,-0.00912,kinematic,tablea2.dat:245
molecular_cloud,5.15540,-2.09004,0.17006,kinematic,tablea2.dat:246
molecular_cloud,1.80318,4.67387,-0.04665,kinematic,tablea2.dat:247
molecular_cloud,3.99900,0.29324,-0.04842,kinematic,tablea2.dat:248
molecular_cloud,1.87206,4.55178,-0.04826,kinematic,tablea2.dat:249
molecular_cloud,4.81173,-1.31299,-0.01126,kinematic,tablea2.dat:250
molecular_cloud,4.42219,-0.53476,0.07587,kinematic,tablea2.dat:251
molecular_cloud,2.50184,3.32349,0.00389,kinematic,tablea2.dat:252
molecular_cloud,4.56349,-0.69902,-0.01937,kinematic,tablea2.dat:253
molecular_cloud,4.79327,-1.13174,-0.05724,kinematic,tablea2.dat:254
molecular_cloud,4.10968,0.24820,-0.02524,kinematic,tablea2.dat:255
molecular_cloud,2.25862,3.88436,-0.04848,kinematic,tablea2.dat:256
molecular_cloud,2.60000,3.23877,-0.00099,kinematic,tablea2.dat:257
molecular_cloud,5.82668,-3.01806,0.06443,kinematic,tablea2.dat:258
molecular_cloud,5.62113,-2.59540,0.02996,kinematic,tablea2.dat:259
molecular_cloud,2.41523,3.63857,-0.01466,kinematic,tablea2.dat:260
molecular_cloud,4.03913,0.50439,-0.04750,kinematic,tablea2.dat:261
molecular_cloud,4.49248,-0.35209,-0.14634,kinematic,tablea2.dat:262
molecular_cloud,4.31381,0.02736,-0.05862,kinematic,tablea2.dat:263
molecular_cloud,2.24534,4.01235,0.00760,kinematic,tablea2.dat:264
molecular_cloud,2.10503,4.28881,-0.00870,kinematic,tablea2.dat:265
molecular_cloud,6.44939,-3.98950,0.16715,kinematic,tablea2.dat:266
molecular_cloud,2.62519,3.30822,0.00886,kinematic,tablea2.dat:267
molecular_cloud,4.12827,0.48326,-0.04011,kinematic,tablea2.dat:268
molecular_cloud,2.54888,3.49413,-0.01994,kinematic,tablea2.dat:269
molecular_cloud,2.59999,3.40808,0.02804,kinematic,tablea2.dat:270
molecular_cloud,1.47361,5.52738,-0.02521,kinematic,tablea2.dat:271
molecular_cloud,5.67358,-2.30784,0.07139,kinematic,tablea2.dat:272
molecular_cloud,2.61235,3.42594,-0.00579,kinematic,tablea2.dat:273
molecular_cloud,4.75692,-0.57533,-0.07206,kinematic,tablea2.dat:274
molecular_cloud,4.05976,0.74125,0.00599,kinematic,tablea2.dat:275
molecular_cloud,4.52816,-0.13084,0.04009,kinematic,tablea2.dat:276
molecular_cloud,9.97925,-10.27228,1.05698,kinematic,tablea2.dat:277
molecular_cloud,2.20262,4.21612,0.00324,kinematic,tablea2.dat:278
molecular_cloud,5.73441,-2.33216,-0.01265,kinematic,tablea2.dat:279
molecular_cloud,2.65788,3.38230,-0.00098,kinematic,tablea2.dat:280
molecular_cloud,2.08726,4.43808,-0.03141,kinematic,tablea2.dat:281
molecular_cloud,2.71892,3.29030,0.01890,kinematic,tablea2.dat:282
molecular_cloud,2.74681,3.25990,0.00401,kinematic,tablea2.dat:283
molecular_cloud,2.40225,3.89214,-0.01840,kinematic,tablea2.dat:284
molecular_cloud,4.07408,0.84000,0.01335,kinematic,tablea2.dat:285
molecular_cloud,4.10460,0.79969,0.00597,kinematic,tablea2.dat:286
molecular_cloud,2.78883,3.21453,-0.02126,kinematic,tablea2.dat:287
molecular_cloud,2.44557,3.85888,-0.02301,kinematic,tablea2.dat:288
molecular_cloud,2.76390,3.28079,-0.03600,kinematic,tablea2.dat:289
molecular_cloud,2.63720,3.53059,-0.01998,kinematic,tablea2.dat:290
molecular_cloud,1.97250,4.74004,-0.02912,kinematic,tablea2.dat:291
molecular_cloud,1.67194,5.28250,-0.04275,kinematic,tablea2.dat:292
molecular_cloud,2.29109,4.17356,-0.04201,kinematic,tablea2.dat:293
molecular_cloud,2.70255,3.45245,0.00387,kinematic,tablea2.dat:294
molecular_cloud,5.48298,-1.53481,-0.03144,kinematic,tablea2.dat:295
molecular_cloud,2.63434,3.57480,-0.02927,kinematic,tablea2.dat:296
molecular_cloud,2.67264,3.51592,0.00383,kinematic,tablea2.dat:297
molecular_cloud,2.29449,4.20960,-0.00900,kinematic,tablea2.dat:298
molecular_cloud,1.94703,4.82902,-0.04237,kinematic,tablea2.dat:299
molecular_cloud,2.28194,4.24856,-0.03327,kinematic,tablea2.dat:300
molecular_cloud,4.12869,0.98470,-0.01613,kinematic,tablea2.dat:301
molecular_cloud,2.32216,4.20227,0.01562,kinematic,tablea2.dat:302
molecular_cloud,2.23029,4.38036,-0.04801,kinematic,tablea2.dat:303
molecular_cloud,2.83811,3.32225,0.00900,kinematic,tablea2.dat:304
molecular_cloud,2.69940,3.56553,0.02283,kinematic,tablea2.dat:305
molecular_cloud,2.39596,4.10624,-0.02613,kinematic,tablea2.dat:306
molecular_cloud,4.73469,0.02941,0.03160,kinematic,tablea2.dat:307
molecular_cloud,4.58067,0.29846,-0.03379,kinematic,tablea2.dat:308
molecular_cloud,3.23919,2.66461,-0.00681,photometric_or_trigonometric,tablea2.dat:309
molecular_cloud,4.39030,0.66195,-0.03998,kinematic,tablea2.dat:310
molecular_cloud,6.76271,-3.44173,0.00946,kinematic,tablea2.dat:311
molecular_cloud,2.45532,4.03696,-0.06526,kinematic,tablea2.dat:312
molecular_cloud,5.54332,-1.30518,-0.01161,kinematic,tablea2.dat:313
molecular_cloud,4.17869,1.05937,-0.03794,kinematic,tablea2.dat:314
molecular_cloud,2.17929,4.52385,-0.03120,kinematic,tablea2.dat:315
molecular_cloud,4.07988,1.24481,-0.03698,kinematic,tablea2.dat:316
molecular_cloud,2.14579,4.59683,-0.02316,kinematic,tablea2.dat:317
molecular_cloud,2.55074,3.90681,-0.00532,kinematic,tablea2.dat:318
molecular_cloud,2.46538,4.05384,0.01200,kinematic,tablea2.dat:319
molecular_cloud,4.16233,1.13114,-0.08102,kinematic,tablea2.dat:320
molecular_cloud,5.71256,-1.51910,0.03767,kinematic,tablea2.dat:321
molecular_cloud,2.69436,3.67806,-0.02428,kinematic,tablea2.dat:322
molecular_cloud,3.63149,2.08296,-0.02639,photometric_or_trigonometric,tablea2.dat:323
molecular_cloud,2.81357,3.49286,0.00875,kinematic,tablea2.dat:324
molecular_cloud,3.62212,2.12378,-0.01375,kinematic,tablea2.dat:325
molecular_cloud,2.74688,3.61618,0.03696,kinematic,tablea2.dat:326
molecular_cloud,5.63539,-1.30914,-0.07972,kinematic,tablea2.dat:327
molecular_cloud,6.52060,-2.81853,0.11024,kinematic,tablea2.dat:328
molecular_cloud,4.16450,1.21312,-0.03730,kinematic,tablea2.dat:329
molecular_cloud,2.76428,3.61467,-0.00570,kinematic,tablea2.dat:330
molecular_cloud,1.38214,5.95734,0.00665,kinematic,tablea2.dat:331
molecular_cloud,2.71334,3.70101,-0.05219,kinematic,tablea2.dat:332
molecular_cloud,4.64415,0.42837,0.09412,kinematic,tablea2.dat:333
molecular_cloud,5.79118,-1.49626,-0.00199,kinematic,tablea2.dat:334
molecular_cloud,2.81313,3.55082,-0.04432,kinematic,tablea2.dat:335
molecular_cloud,2.50731,4.06712,0.05066,kinematic,tablea2.dat:336
molecular_cloud,2.40905,4.24108,0.00330,kinematic,tablea2.dat:337
molecular_cloud,2.42264,4.22629,0.05708,kinematic,tablea2.dat:338
molecular_cloud,2.83077,3.54946,-0.00579,kinematic,tablea2.dat:339
molecular_cloud,4.86244,0.13995,-0.14259,kinematic,tablea2.dat:340
molecular_cloud,3.65512,2.17821,-0.02613,kinematic,tablea2.dat:341
molecular_cloud,4.89543,0.10086,0.10667,kinematic,tablea2.dat:342
molecular_cloud,4.00958,1.59783,0.01908,kinematic,tablea2.dat:343
molecular_cloud,5.04644,-0.13532,-0.08750,kinematic,tablea2.dat:344
molecular_cloud,4.21471,1.25495,-0.08741,kinematic,tablea2.dat:345
molecular_cloud,2.41270,4.26708,-0.06644,kinematic,tablea2.dat:346
molecular_cloud,2.14396,4.72337,-0.00437,kinematic,tablea2.dat:347
molecular_cloud,2.39938,4.30519,-0.00895,kinematic,tablea2.dat:348
molecular_cloud,4.35575,1.04795,-0.08269,kinematic,tablea2.dat:349
molecular_cloud,4.80349,0.30249,-0.12375,kinematic,tablea2.dat:350
molecular_cloud,3.66613,2.20818,0.03599,kinematic,tablea2.dat:351
molecular_cloud,3.24847,2.90218,0.03189,photometric_or_trigonometric,tablea2.dat:352
molecular_cloud,2.39251,4.32448,0.02753,kinematic,tablea2.dat:353
molecular_cloud,5.79822,-1.25893,-0.00195,kinematic,tablea2.dat:354
molecular_cloud,3.71853,2.16964,0.01126,kinematic,tablea2.dat:355
molecular_cloud,2.44271,4.27295,-0.00904,kinematic,tablea2.dat:356
molecular_cloud,4.11341,1.53198,0.01244,kinematic,tablea2.dat:357
molecular_cloud,4.76394,0.47700,-0.10551,kinematic,tablea2.dat:358
molecular_cloud,4.70332,0.59169,-0.04098,kinematic,tablea2.dat:359
molecular_cloud,3.43764,2.66604,0.03341,photometric_or_trigonometric,tablea2.dat:360
molecular_cloud,4.61883,0.77456,-0.05548,kinematic,tablea2.dat:361
molecular_cloud,6.40638,-2.11750,0.08325,kinematic,tablea2.dat:362
molecular_cloud,4.23328,1.42965,-0.05070,kinematic,tablea2.dat:363
molecular_cloud,4.03447,1.76509,-0.02145,kinematic,tablea2.dat:364
molecular_cloud,2.51622,4.22431,-0.03846,kinematic,tablea2.dat:365
molecular_cloud,3.71398,2.30763,0.01723,kinematic,tablea2.dat:366
molecular_cloud,2.30441,4.61073,-0.03872,kinematic,tablea2.dat:367
molecular_cloud,3.07164,3.39198,-0.02122,kinematic,tablea2.dat:368
molecular_cloud,3.82500,2.20006,0.01131,photometric_or_trigonometric,tablea2.dat:369
molecular_cloud,4.84387,0.61996,0.01426,kinematic,tablea2.dat:370
molecular_cloud,10.23763,-7.92565,0.41863,kinematic,tablea2.dat:371
molecular_cloud,6.95954,-2.69190,0.05450,kinematic,tablea2.dat:372
molecular_cloud,5.93811,-1.04254,0.02705,kinematic,tablea2.dat:373
molecular_cloud,5.73137,-0.69991,0.04469,kinematic,tablea2.dat:374
molecular_cloud,5.92209,-0.98151,-0.04996,kinematic,tablea2.dat:375
molecular_cloud,5.03992,0.40108,0.05560,kinematic,tablea2.dat:376
molecular_cloud,2.92329,3.73599,-0.02460,kinematic,tablea2.dat:377
molecular_cloud,4.45036,1.36518,0.01294,kinematic,tablea2.dat:378
molecular_cloud,4.09947,1.92421,-0.00794,kinematic,tablea2.dat:379
molecular_cloud,6.69000,-2.10476,0.04102,kinematic,tablea2.dat:380
molecular_cloud,2.66082,4.18543,-0.01796,kinematic,tablea2.dat:381
molecular_cloud,5.81021,-0.68466,-0.08590,kinematic,tablea2.dat:382
molecular_cloud,4.15448,1.90022,-0.00133,kinematic,tablea2.dat:383
molecular_cloud,4.57894,1.24636,0.08660,kinematic,tablea2.dat:384
molecular_cloud,4.41632,1.50985,0.00565,photometric_or_trigonometric,tablea2.dat:385
molecular_cloud,7.08240,-2.58929,0.05441,kinematic,tablea2.dat:386
molecular_cloud,2.38036,4.64714,0.01065,kinematic,tablea2.dat:387
molecular_cloud,2.55849,4.38127,-0.00898,kinematic,tablea2.dat:388
molecular_cloud,3.98485,2.23134,-0.00127,kinematic,tablea2.dat:389
molecular_cloud,3.10374,3.59114,-0.05512,kinematic,tablea2.dat:390
molecular_cloud,3.81887,2.51717,-0.00121,kinematic,tablea2.dat:391
molecular_cloud,3.14915,3.54936,-0.06566,kinematic,tablea2.dat:392
molecular_cloud,3.82293,2.54385,-0.00121,kinematic,tablea2.dat:393
molecular_cloud,2.05249,5.20958,-0.02655,kinematic,tablea2.dat:394
molecular_cloud,5.51753,0.00801,-0.03651,kinematic,tablea2.dat:395
molecular_cloud,3.84185,2.58056,0.01684,kinematic,tablea2.dat:396
molecular_cloud,7.09220,-2.19880,-0.06855,kinematic,tablea2.dat:397
molecular_cloud,3.10751,3.72572,-0.01544,kinematic,tablea2.dat:398
molecular_cloud,2.07621,5.24953,0.00902,kinematic,tablea2.dat:399
molecular_cloud,4.53000,1.69400,0.00559,kinematic,tablea2.dat:400
molecular_cloud,2.77604,4.27439,-0.01366,kinematic,tablea2.dat:401
molecular_cloud,1.70525,5.83178,-0.00052,kinematic,tablea2.dat:402
molecular_cloud,2.72272,4.35908,-0.00084,kinematic,tablea2.dat:403
molecular_cloud,2.02907,5.36308,-0.04735,kinematic,tablea2.dat:404
molecular_cloud,1.66757,5.89083,-0.00051,kinematic,tablea2.dat:405
molecular_cloud,6.27117,-0.76010,-0.16540,kinematic,tablea2.dat:406
molecular_cloud,4.45625,1.87394,-0.00136,kinematic,tablea2.dat:407
molecular_cloud,2.78088,4.28988,-0.00937,kinematic,tablea2.dat:408
molecular_cloud,1.74936,5.77737,0.03161,kinematic,tablea2.dat:409
molecular_cloud,1.77213,5.74454,-0.03582,kinematic,tablea2.dat:410
molecular_cloud,2.14229,5.22224,0.02225,kinematic,tablea2.dat:411
molecular_cloud,1.98404,5.46544,0.02053,kinematic,tablea2.dat:412
molecular_cloud,7.07349,-1.78700,-0.02365,kinematic,tablea2.dat:413
molecular_cloud,1.90847,5.58352,-0.02955,kinematic,tablea2.dat:414
molecular_cloud,1.43306,6.26399,-0.03303,kinematic,tablea2.dat:415
molecular_cloud,2.25029,5.11474,-0.01770,kinematic,tablea2.dat:416
molecular_cloud,6.10750,-0.31318,-0.15850,kinematic,tablea2.dat:417
molecular_cloud,3.92077,2.78090,-0.00118,kinematic,tablea2.dat:418
molecular_cloud,3.92068,2.78103,0.04608,kinematic,tablea2.dat:419
molecular_cloud,5.05628,1.19564,0.02131,kinematic,tablea2.dat:420
molecular_cloud,1.76854,5.81510,-0.00852,kinematic,tablea2.dat:421
molecular_cloud,1.75907,5.83296,-0.01639,kinematic,tablea2.dat:422
molecular_cloud,2.05189,5.42761,-0.00370,kinematic,tablea2.dat:423
molecular_cloud,1.93799,5.59204,0.00523,kinematic,tablea2.dat:424
molecular_cloud,3.12497,3.95755,0.01307,kinematic,tablea2.dat:425
molecular_cloud,4.85905,1.54786,0.14375,kinematic,tablea2.dat:426
molecular_cloud,2.02493,5.50677,-0.00662,kinematic,tablea2.dat:427
molecular_cloud,2.26507,5.18697,-0.03091,kinematic,tablea2.dat:428
molecular_cloud,2.86263,4.37291,0.05429,kinematic,tablea2.dat:429
molecular_cloud,2.69913,4.63766,0.06670,kinematic,tablea2.dat:430
molecular_cloud,2.72026,4.61571,0.05116,kinematic,tablea2.dat:431
molecular_cloud,6.20032,-0.09763,0.17127,kinematic,tablea2.dat:432
molecular_cloud,5.00126,1.53872,-0.02349,kinematic,tablea2.dat:433
molecular_cloud,2.09226,5.48175,-0.00368,kinematic,tablea2.dat:434
molecular_cloud,2.15944,5.40711,-0.01008,kinematic,tablea2.dat:435
molecular_cloud,7.25375,-1.38219,0.21962,kinematic,tablea2.dat:436
molecular_cloud,7.17935,-1.26548,0.00835,kinematic,tablea2.dat:437
molecular_cloud,3.13338,4.12521,-0.03735,kinematic,tablea2.dat:438
molecular_cloud,4.69790,2.08600,-0.00816,kinematic,tablea2.dat:439
molecular_cloud,5.35552,1.25459,-0.05561,kinematic,tablea2.dat:440
molecular_cloud,3.99860,3.04918,0.01037,kinematic,tablea2.dat:441
molecular_cloud,6.09484,0.29649,-0.01931,kinematic,tablea2.dat:442
molecular_cloud,6.40376,-0.10919,-0.04796,kinematic,tablea2.dat:443
molecular_cloud,4.38096,2.59887,-0.02008,kinematic,tablea2.dat:444
molecular_cloud,4.38095,2.59888,0.02384,kinematic,tablea2.dat:445
molecular_cloud,4.42645,2.57078,0.01137,kinematic,tablea2.dat:446
molecular_cloud,3.15441,4.21720,-0.07745,kinematic,tablea2.dat:447
molecular_cloud,4.01524,3.11238,-0.00687,kinematic,tablea2.dat:448
molecular_cloud,3.01133,4.40941,-0.03950,kinematic,tablea2.dat:449
molecular_cloud,11.72729,-6.84601,0.41797,kinematic,tablea2.dat:450
molecular_cloud,6.07862,0.46067,0.04155,kinematic,tablea2.dat:451
molecular_cloud,5.44124,1.29530,-0.06347,kinematic,tablea2.dat:452
molecular_cloud,5.58246,1.12643,-0.06505,kinematic,tablea2.dat:453
molecular_cloud,2.55345,5.05398,-0.01153,kinematic,tablea2.dat:454
molecular_cloud,5.40966,1.43541,-0.02441,kinematic,tablea2.dat:455
molecular_cloud,5.34356,1.65158,-0.07593,kinematic,tablea2.dat:456
molecular_cloud,1.47206,6.46847,0.03240,kinematic,tablea2.dat:457
molecular_cloud,6.30371,0.49887,-0.08053,kinematic,tablea2.dat:458
molecular_cloud,5.57443,1.41369,-0.06340,kinematic,tablea2.dat:459
molecular_cloud,4.06221,3.29074,-0.09118,kinematic,tablea2.dat:460
molecular_cloud,3.06075,4.52568,-0.07719,kinematic,tablea2.dat:461
molecular_cloud,7.01135,-0.33054,0.09510,kinematic,tablea2.dat:462
molecular_cloud,7.02785,-0.30472,-0.01163,kinematic,tablea2.dat:463
molecular_cloud,2.74180,4.94898,-0.04610,kinematic,tablea2.dat:464
molecular_cloud,2.99208,4.64960,-0.02142,kinematic,tablea2.dat:465
molecular_cloud,3.35973,4.20105,-0.02868,photometric_or_trigonometric,tablea2.dat:466
molecular_cloud,4.08067,3.38306,-0.06245,kinematic,tablea2.dat:467
molecular_cloud,5.65401,1.58327,-0.07815,kinematic,tablea2.dat:468
molecular_cloud,4.09331,3.47162,0.02099,kinematic,tablea2.dat:469
molecular_cloud,2.91292,4.87006,-0.02042,photometric_or_trigonometric,tablea2.dat:470
molecular_cloud,11.69154,-5.20899,0.38983,kinematic,tablea2.dat:471
molecular_cloud,4.42095,3.21249,0.00471,kinematic,tablea2.dat:472
molecular_cloud,6.40165,0.94612,-0.04424,kinematic,tablea2.dat:473
molecular_cloud,3.03996,4.80785,-0.02101,kinematic,tablea2.dat:474
molecular_cloud,5.48575,2.03147,-0.03053,kinematic,tablea2.dat:475
molecular_cloud,4.11330,3.60803,-0.06099,kinematic,tablea2.dat:476
molecular_cloud,7.39042,-0.11530,0.06646,kinematic,tablea2.dat:477
molecular_cloud,5.44933,2.10588,0.01296,kinematic,tablea2.dat:478
molecular_cloud,7.45070,-0.16903,-0.03150,kinematic,tablea2.dat:479
molecular_cloud,7.27000,0.15179,0.00762,kinematic,tablea2.dat:480
molecular_cloud,6.29727,1.25441,0.08082,kinematic,tablea2.dat:481
molecular_cloud,5.51791,2.18034,-0.00144,kinematic,tablea2.dat:482
molecular_cloud,2.88490,5.11170,-0.04578,photometric_or_trigonometric,tablea2.dat:483
molecular_cloud,4.13134,3.75812,-0.05465,kinematic,tablea2.dat:484
molecular_cloud,3.44154,4.53632,-0.02314,photometric_or_trigonometric,tablea2.dat:485
molecular_cloud,5.04453,2.83138,0.02467,kinematic,tablea2.dat:486
molecular_cloud,2.85436,5.23264,-0.00804,kinematic,tablea2.dat:487
molecular_cloud,5.32620,2.61625,-0.10333,kinematic,tablea2.dat:488
molecular_cloud,7.54231,0.26545,-0.00192,kinematic,tablea2.dat:489
molecular_cloud,5.39986,2.54772,-0.07023,kinematic,tablea2.dat:490
molecular_cloud,3.50026,4.59081,-0.00979,kinematic,tablea2.dat:491
molecular_cloud,2.81388,5.31815,-0.02576,photometric_or_trigonometric,tablea2.dat:492
molecular_cloud,7.32987,0.54617,-0.01117,kinematic,tablea2.dat:493
molecular_cloud,5.30002,2.86697,0.00530,kinematic,tablea2.dat:494
molecular_cloud,4.43109,3.76563,-0.02324,kinematic,tablea2.dat:495
molecular_cloud,3.38940,4.83160,-0.06856,kinematic,tablea2.dat:496
molecular_cloud,4.98957,3.22081,-0.01988,kinematic,tablea2.dat:497
molecular_cloud,4.14999,4.16303,-0.05216,kinematic,tablea2.dat:498
molecular_cloud,3.11885,5.19635,0.01075,photometric_or_trigonometric,tablea2.dat:499
molecular_cloud,4.72662,3.63729,-0.08807,kinematic,tablea2.dat:500
molecular_cloud,4.94911,3.43483,0.00485,kinematic,tablea2.dat:501
molecular_cloud,7.71443,0.75602,-0.00188,kinematic,tablea2.dat:502
molecular_cloud,4.82700,3.59610,-0.03059,kinematic,tablea2.dat:503
molecular_cloud,2.77619,5.60404,-0.03782,kinematic,tablea2.dat:504
molecular_cloud,4.14999,4.27698,-0.03632,kinematic,tablea2.dat:505
molecular_cloud,3.66475,4.75357,-0.04985,kinematic,tablea2.dat:506
molecular_cloud,3.12711,5.30540,-0.04988,kinematic,tablea2.dat:507
molecular_cloud,3.19039,5.25546,-0.01616,kinematic,tablea2.dat:508
molecular_cloud,4.14147,4.35475,-0.04093,kinematic,tablea2.dat:509
molecular_cloud,5.48412,3.18419,-0.05367,kinematic,tablea2.dat:510
molecular_cloud,4.52999,4.08163,0.02593,kinematic,tablea2.dat:511
molecular_cloud,4.12143,4.61372,-0.07818,kinematic,tablea2.dat:512
molecular_cloud,4.11856,4.65492,-0.02976,kinematic,tablea2.dat:513
molecular_cloud,7.08746,2.04937,0.00660,kinematic,tablea2.dat:514
molecular_cloud,6.16962,2.86840,-0.04447,kinematic,tablea2.dat:515
molecular_cloud,3.38040,5.34485,0.01097,kinematic,tablea2.dat:516
molecular_cloud,7.56632,1.68551,0.04210,kinematic,tablea2.dat:517
molecular_cloud,4.11053,4.70657,-0.04860,kinematic,tablea2.dat:518
molecular_cloud,4.11383,4.71002,-0.00572,kinematic,tablea2.dat:519
molecular_cloud,3.80483,4.97967,0.03437,kinematic,tablea2.dat:520
molecular_cloud,5.42139,3.57728,0.02384,kinematic,tablea2.dat:521
molecular_cloud,4.11248,4.72381,-0.02949,kinematic,tablea2.dat:522
molecular_cloud,4.10805,4.73396,-0.02943,kinematic,tablea2.dat:523
molecular_cloud,4.10798,4.73402,-0.04367,kinematic,tablea2.dat:524
molecular_cloud,5.16170,3.82722,-0.00715,kinematic,tablea2.dat:525
molecular_cloud,4.38789,4.53780,-0.02623,kinematic,tablea2.dat:526
molecular_cloud,3.09208,5.65351,-0.00426,kinematic,tablea2.dat:527
molecular_cloud,4.10252,4.78868,-0.00565,kinematic,tablea2.dat:528
molecular_cloud,4.09787,4.79885,-0.03857,kinematic,tablea2.dat:529
molecular_cloud,4.10103,4.80234,-0.00094,kinematic,tablea2.dat:530
molecular_cloud,5.37099,3.71922,-0.11213,kinematic,tablea2.dat:531
molecular_cloud,4.09013,4.83623,-0.05239,kinematic,tablea2.dat:532
molecular_cloud,2.45980,6.25348,-0.03407,photometric_or_trigonometric,tablea2.dat:533
molecular_cloud,7.09261,2.40951,-0.07402,kinematic,tablea2.dat:534
molecular_cloud,2.78878,5.99210,-0.02590,kinematic,tablea2.dat:535
molecular_cloud,4.07826,4.93096,-0.03785,kinematic,tablea2.dat:536
molecular_cloud,4.06301,4.99101,-0.01006,kinematic,tablea2.dat:537
molecular_cloud,3.48920,5.45833,0.01885,photometric_or_trigonometric,tablea2.dat:538
molecular_cloud,4.06266,4.99129,-0.06950,kinematic,tablea2.dat:539
molecular_cloud,4.06590,4.99456,-0.01006,kinematic,tablea2.dat:540
molecular_cloud,4.04771,5.06760,-0.00090,kinematic,tablea2.dat:541
molecular_cloud,4.04231,5.07769,-0.07309,kinematic,tablea2.dat:542
molecular_cloud,7.60280,2.29352,0.12515,kinematic,tablea2.dat:543
molecular_cloud,4.04053,5.10784,-0.08179,kinematic,tablea2.dat:544
molecular_cloud,7.50991,2.48311,0.12269,kinematic,tablea2.dat:545
molecular_cloud,4.01360,5.20241,0.03009,kinematic,tablea2.dat:546
molecular_cloud,4.00580,5.22513,-0.03614,kinematic,tablea2.dat:547
molecular_cloud,4.00597,5.24163,0.01232,kinematic,tablea2.dat:548
molecular_cloud,3.99803,5.26423,0.01665,kinematic,tablea2.dat:549
molecular_cloud,5.49526,4.12736,0.03492,photometric_or_trigonometric,tablea2.dat:550
molecular_cloud,3.99510,5.27743,-0.05771,kinematic,tablea2.dat:551
molecular_cloud,3.99492,5.27757,-0.07520,kinematic,tablea2.dat:552
molecular_cloud,7.40723,2.72635,0.01456,kinematic,tablea2.dat:553
molecular_cloud,1.64021,7.07028,0.00143,kinematic,tablea2.dat:554
molecular_cloud,3.98425,5.31289,-0.05736,kinematic,tablea2.dat:555
molecular_cloud,7.39775,2.76376,0.03064,kinematic,tablea2.dat:556
molecular_cloud,3.97907,5.32219,-0.02255,kinematic,tablea2.dat:557
molecular_cloud,6.14055,3.77114,0.00533,kinematic,tablea2.dat:558
molecular_cloud,5.67315,4.19936,-0.00733,photometric_or_trigonometric,tablea2.dat:559
molecular_cloud,5.52822,4.34073,-0.05459,photometric_or_trigonometric,tablea2.dat:560
molecular_cloud,4.92535,4.80491,0.08328,kinematic,tablea2.dat:561
molecular_cloud,14.27436,-1.78812,0.61039,kinematic,tablea2.dat:562
molecular_cloud,4.24224,5.34498,0.01263,kinematic,tablea2.dat:563
molecular_cloud,3.88936,5.59078,-0.02565,kinematic,tablea2.dat:564
molecular_cloud,7.02743,3.43216,0.14773,kinematic,tablea2.dat:565
molecular_cloud,5.23133,4.68305,0.02109,kinematic,tablea2.dat:566
molecular_cloud,3.13576,6.13597,0.00931,kinematic,tablea2.dat:567
molecular_cloud,11.14794,1.00500,0.44196,kinematic,tablea2.dat:568
molecular_cloud,3.64575,6.13531,-0.01480,kinematic,tablea2.dat:569
molecular_cloud,11.79662,1.46174,0.35705,kinematic,tablea2.dat:570
molecular_cloud,4.80643,5.52500,0.00969,kinematic,tablea2.dat:571
molecular_cloud,4.23779,5.94128,-0.00846,kinematic,tablea2.dat:572
molecular_cloud,4.15680,6.04304,0.00826,kinematic,tablea2.dat:573
molecular_cloud,11.75975,2.09979,0.39456,kinematic,tablea2.dat:574
molecular_cloud,3.64736,6.44959,0.02855,kinematic,tablea2.dat:575
molecular_cloud,7.01629,4.80181,0.00000,kinematic,tablea2.dat:576
molecular_cloud,11.86235,2.89401,0.31860,kinematic,tablea2.dat:577
molecular_cloud,10.93881,3.41828,0.17772,kinematic,tablea2.dat:578
molecular_cloud,10.67471,3.64742,0.35577,kinematic,tablea2.dat:579
molecular_cloud,11.41263,3.38494,0.31454,kinematic,tablea2.dat:580
molecular_cloud,11.26471,3.51841,0.24566,kinematic,tablea2.dat:581
molecular_cloud,9.69002,4.28626,0.18308,kinematic,tablea2.dat:582
molecular_cloud,10.72897,4.00003,0.18158,kinematic,tablea2.dat:583
molecular_cloud,10.45157,4.11755,0.24367,kinematic,tablea2.dat:584
molecular_cloud,10.67627,4.02980,0.18063,kinematic,tablea2.dat:585
molecular_cloud,10.58959,4.08589,0.24869,kinematic,tablea2.dat:586
molecular_cloud,10.70621,4.05462,0.25332,kinematic,tablea2.dat:587
molecular_cloud,10.48775,4.18145,0.23995,kinematic,tablea2.dat:588
molecular_cloud,10.46442,4.28309,0.15652,kinematic,tablea2.dat:589
molecular_cloud,10.49453,4.33445,0.16645,kinematic,tablea2.dat:590
molecular_cloud,10.90474,4.20986,0.28260,kinematic,tablea2.dat:591
molecular_cloud,10.54117,4.40907,0.28638,kinematic,tablea2.dat:592
molecular_cloud,10.19149,4.55632,0.24070,kinematic,tablea2.dat:593
molecular_cloud,9.89335,4.66975,0.18579,kinematic,tablea2.dat:594
molecular_cloud,10.46397,4.46037,0.29187,kinematic,tablea2.dat:595
molecular_cloud,10.61970,4.41374,0.18752,kinematic,tablea2.dat:596
molecular_cloud,10.47804,4.46973,0.29213,kinematic,tablea2.dat:597
molecular_cloud,10.43548,4.52241,0.20147,kinematic,tablea2.dat:598
molecular_cloud,10.76800,4.38502,0.23400,kinematic,tablea2.dat:599
molecular_cloud,10.71374,4.41110,0.22880,kinematic,tablea2.dat:600
molecular_cloud,10.73051,4.42831,0.23298,kinematic,tablea2.dat:601
molecular_cloud,10.53254,4.49974,0.25214,kinematic,tablea2.dat:602
molecular_cloud,10.59893,4.50503,0.22009,kinematic,tablea2.dat:603
molecular_cloud,10.33783,4.60463,0.18396,kinematic,tablea2.dat:604
molecular_cloud,11.07817,4.35524,0.10262,kinematic,tablea2.dat:605
molecular_cloud,10.29542,4.63397,0.17168,kinematic,tablea2.dat:606
molecular_cloud,9.97299,4.77426,0.21234,kinematic,tablea2.dat:607
molecular_cloud,11.02705,4.48154,0.11202,kinematic,tablea2.dat:608
molecular_cloud,2.57007,7.41003,0.03323,kinematic,tablea2.dat:609
molecular_cloud,2.54491,7.42868,-0.01878,kinematic,tablea2.dat:610
molecular_cloud,7.41248,6.18850,0.20182,kinematic,tablea2.dat:611
molecular_cloud,11.24685,5.28642,0.38626,kinematic,tablea2.dat:612
molecular_cloud,3.34070,7.47945,0.00600,kinematic,tablea2.dat:613
molecular_cloud,3.08930,7.54691,-0.03885,kinematic,tablea2.dat:614
molecular_cloud,1.79414,7.89238,0.02248,kinematic,tablea2.dat:615
molecular_cloud,3.19850,7.62014,-0.01712,kinematic,tablea2.dat:616
molecular_cloud,1.67309,7.94743,-0.02388,kinematic,tablea2.dat:617
molecular_cloud,1.66407,7.95236,0.00297,kinematic,tablea2.dat:618
molecular_cloud,2.05993,7.89212,-0.01833,kinematic,tablea2.dat:619
molecular_cloud,10.33472,6.25367,0.31268,kinematic,tablea2.dat:620
molecular_cloud,1.54144,8.00317,0.02740,kinematic,tablea2.dat:621
molecular_cloud,1.53237,8.00769,0.00272,kinematic,tablea2.dat:622
molecular_cloud,1.48449,8.02487,0.02635,kinematic,tablea2.dat:623
molecular_cloud,1.47528,8.02924,-0.01571,kinematic,tablea2.dat:624
molecular_cloud,9.73737,6.60056,0.32790,kinematic,tablea2.dat:625
molecular_cloud,1.32229,8.08347,0.01637,kinematic,tablea2.dat:626
molecular_cloud,2.05317,7.96746,-0.01815,kinematic,tablea2.dat:627
molecular_cloud,1.25486,8.10574,0.02216,kinematic,tablea2.dat:628
molecular_cloud,2.18515,7.96953,0.00000,kinematic,tablea2.dat:629
molecular_cloud,1.22597,8.11459,0.01515,kinematic,tablea2.dat:630
molecular_cloud,1.18737,8.12678,0.01257,kinematic,tablea2.dat:631
molecular_cloud,1.14868,8.13856,-0.00810,kinematic,tablea2.dat:632
molecular_cloud,9.26119,7.21206,0.30934,kinematic,tablea2.dat:633
molecular_cloud,0.93382,8.19361,-0.01641,kinematic,tablea2.dat:634
molecular_cloud,0.77653,8.22660,0.00272,kinematic,tablea2.dat:635
molecular_cloud,10.17183,7.35639,0.30319,kinematic,tablea2.dat:636
molecular_cloud,6.95729,7.69132,0.29271,kinematic,tablea2.dat:637
molecular_cloud,10.10251,7.41615,0.42504,kinematic,tablea2.dat:638
molecular_cloud,5.69161,7.84206,0.00000,kinematic,tablea2.dat:639
molecular_cloud,3.40156,8.06214,0.02976,kinematic,tablea2.dat:640
molecular_cloud,7.64281,8.08652,0.25364,kinematic,tablea2.dat:641
molecular_cloud,9.21134,8.04270,0.30569,kinematic,tablea2.dat:642
molecular_cloud,7.28439,8.14741,0.24170,kinematic,tablea2.dat:643
molecular_cloud,8.14789,8.28578,0.18490,kinematic,tablea2.dat:644
molecular_cloud,3.51933,8.36143,-0.03072,kinematic,tablea2.dat:645
molecular_cloud,4.68857,8.38184,-0.08185,kinematic,tablea2.dat:646
molecular_cloud,9.50258,8.78138,0.31564,kinematic,tablea2.dat:647
molecular_cloud,7.70457,8.73075,0.22902,kinematic,tablea2.dat:648
molecular_cloud,1.65542,8.68218,0.05933,kinematic,tablea2.dat:649
molecular_cloud,5.22428,9.81384,0.09399,kinematic,tablea2.dat:650
molecular_cloud,1.84306,8.83581,0.04925,kinematic,tablea2.dat:651
molecular_cloud,4.81896,9.70642,-0.00088,kinematic,tablea2.dat:652
molecular_cloud,2.11994,8.92232,0.05168,kinematic,tablea2.dat:653
molecular_cloud,4.73791,9.69804,0.03535,kinematic,tablea2.dat:654
molecular_cloud,4.60224,9.66150,0.07540,kinematic,tablea2.dat:655
molecular_cloud,5.20518,9.84283,0.10329,kinematic,tablea2.dat:656
molecular_cloud,5.27023,9.87012,0.09695,kinematic,tablea2.dat:657
molecular_cloud,0.83357,8.54865,0.01549,kinematic,tablea2.dat:658
molecular_cloud,3.14757,9.25571,-0.05914,kinematic,tablea2.dat:659
molecular_cloud,0.46667,8.44250,0.04492,kinematic,tablea2.dat:660
molecular_cloud,4.41404,9.66300,0.05402,kinematic,tablea2.dat:661
molecular_cloud,4.22301,9.60482,0.00077,kinematic,tablea2.dat:662
molecular_cloud,0.22859,8.37063,0.01891,kinematic,tablea2.dat:663
molecular_cloud,3.43799,9.36621,-0.05843,kinematic,tablea2.dat:664
molecular_cloud,4.21865,9.61881,0.01157,kinematic,tablea2.dat:665
molecular_cloud,4.21773,9.62176,-0.01080,kinematic,tablea2.dat:666
molecular_cloud,4.21666,9.62465,0.03857,kinematic,tablea2.dat:667
molecular_cloud,4.57972,9.75805,-0.19052,kinematic,tablea2.dat:668
molecular_cloud,4.31254,9.68544,0.05851,kinematic,tablea2.dat:669
molecular_cloud,4.76320,9.85041,0.09093,kinematic,tablea2.dat:670
molecular_cloud,3.88169,9.58826,0.03069,kinematic,tablea2.dat:671
molecular_cloud,4.37660,9.76184,-0.22971,kinematic,tablea2.dat:672
molecular_cloud,4.23734,9.72109,-0.07957,kinematic,tablea2.dat:673
molecular_cloud,4.08414,9.67685,-0.01279,kinematic,tablea2.dat:674
molecular_cloud,4.48153,9.81168,0.06026,kinematic,tablea2.dat:675
molecular_cloud,4.06250,9.67587,-0.08460,kinematic,tablea2.dat:676
molecular_cloud,4.53155,9.83649,-0.21979,kinematic,tablea2.dat:677
molecular_cloud,0.69045,8.53451,0.03439,kinematic,tablea2.dat:678
molecular_cloud,0.34076,8.41581,0.00842,kinematic,tablea2.dat:679
molecular_cloud,4.01385,9.66486,-0.06142,kinematic,tablea2.dat:680
molecular_cloud,4.06837,9.69054,-0.06904,kinematic,tablea2.dat:681
molecular_cloud,4.26703,9.76010,0.02519,kinematic,tablea2.dat:682
molecular_cloud,3.86803,9.62885,-0.02427,kinematic,tablea2.dat:683
molecular_cloud,4.56761,9.87008,0.02613,kinematic,tablea2.dat:684
molecular_cloud,3.78158,9.60358,-0.01745,kinematic,tablea2.dat:685
molecular_cloud,3.92086,9.65849,-0.06229,kinematic,tablea2.dat:686
molecular_cloud,4.48246,9.87149,0.02073,kinematic,tablea2.dat:687
molecular_cloud,4.60424,9.91690,-0.03151,kinematic,tablea2.dat:688
molecular_cloud,4.33952,9.82563,0.03131,kinematic,tablea2.dat:689
molecular_cloud,0.49639,8.47578,0.06000,kinematic,tablea2.dat:690
molecular_cloud,4.21036,9.79593,0.12637,kinematic,tablea2.dat:691
molecular_cloud,3.81381,9.65954,-0.09471,kinematic,tablea2.dat:692
molecular_cloud,4.57464,9.93255,0.16453,kinematic,tablea2.dat:693
molecular_cloud,4.90874,10.06629,0.18126,kinematic,tablea2.dat:694
molecular_cloud,2.65161,9.25778,-0.06349,kinematic,tablea2.dat:695
molecular_cloud,6.93162,10.80647,0.36694,kinematic,tablea2.dat:696
molecular_cloud,4.81202,10.04098,0.16708,kinematic,tablea2.dat:697
molecular_cloud,5.30544,10.21949,0.30062,kinematic,tablea2.dat:698
molecular_cloud,4.29535,9.85998,0.03669,kinematic,tablea2.dat:699
molecular_cloud,4.19179,9.82320,-0.01868,kinematic,tablea2.dat:700
molecular_cloud,4.16262,9.81425,0.06726,kinematic,tablea2.dat:701
molecular_cloud,3.99241,9.75706,-0.01261,kinematic,tablea2.dat:702
molecular_cloud,0.13145,8.34797,0.00435,kinematic,tablea2.dat:703
molecular_cloud,5.13735,10.19221,0.23999,kinematic,tablea2.dat:704
molecular_cloud,4.13769,9.82565,0.00231,kinematic,tablea2.dat:705
molecular_cloud,4.26777,9.87531,0.08417,kinematic,tablea2.dat:706
molecular_cloud,3.01999,9.41593,-0.05283,kinematic,tablea2.dat:707
molecular_cloud,4.52832,9.97687,0.10621,kinematic,tablea2.dat:708
molecular_cloud,5.92531,10.49419,0.38092,kinematic,tablea2.dat:709
molecular_cloud,2.81277,9.34271,-0.03299,kinematic,tablea2.dat:710
molecular_cloud,6.13783,10.57776,0.41533,kinematic,tablea2.dat:711
molecular_cloud,3.54279,9.61755,-0.03365,kinematic,tablea2.dat:712
molecular_cloud,4.74886,10.06986,0.14422,kinematic,tablea2.dat:713
molecular_cloud,3.81192,9.72143,-0.11719,kinematic,tablea2.dat:714
molecular_cloud,4.07360,9.82387,0.07820,kinematic,tablea2.dat:715
molecular_cloud,3.56730,9.63802,0.01197,kinematic,tablea2.dat:716
molecular_cloud,4.21282,9.88182,-0.00628,kinematic,tablea2.dat:717
molecular_cloud,2.85295,9.37235,-0.11496,kinematic,tablea2.dat:718
molecular_cloud,3.74277,9.70980,-0.06423,kinematic,tablea2.dat:719
molecular_cloud,4.01409,9.81279,-0.05166,kinematic,tablea2.dat:720
molecular_cloud,4.07954,9.83828,-0.02511,kinematic,tablea2.dat:721
molecular_cloud,5.56927,10.40556,0.26725,kinematic,tablea2.dat:722
molecular_cloud,3.84396,9.75404,-0.04304,kinematic,tablea2.dat:723
molecular_cloud,4.55437,10.02459,0.01955,kinematic,tablea2.dat:724
molecular_cloud,4.14919,9.87364,0.14643,kinematic,tablea2.dat:725
molecular_cloud,2.62444,9.29536,-0.13286,kinematic,tablea2.dat:726
molecular_cloud,4.08509,9.85178,0.03051,kinematic,tablea2.dat:727
molecular_cloud,0.58831,8.52442,0.02067,kinematic,tablea2.dat:728
molecular_cloud,4.38165,9.97232,-0.02374,kinematic,tablea2.dat:729
molecular_cloud,3.94004,9.80692,0.11709,kinematic,tablea2.dat:730
molecular_cloud,4.06270,9.85465,-0.00304,kinematic,tablea2.dat:731
molecular_cloud,3.94080,9.80879,0.04493,kinematic,tablea2.dat:732
molecular_cloud,2.79763,9.37279,-0.14969,kinematic,tablea2.dat:733
molecular_cloud,3.46330,9.62874,-0.06410,kinematic,tablea2.dat:734
molecular_cloud,3.62790,9.69407,0.16425,kinematic,tablea2.dat:735
molecular_cloud,3.05730,9.47543,0.17223,kinematic,tablea2.dat:736
molecular_cloud,3.68234,9.72016,-0.16128,kinematic,tablea2.dat:737
molecular_cloud,3.29124,9.57461,-0.06346,kinematic,tablea2.dat:738
molecular_cloud,3.80393,9.77468,0.04272,kinematic,tablea2.dat:739
molecular_cloud,4.12043,9.89821,-0.06480,kinematic,tablea2.dat:740
molecular_cloud,4.08043,9.88269,-0.17196,kinematic,tablea2.dat:741
molecular_cloud,5.82719,10.56022,0.35053,kinematic,tablea2.dat:742
molecular_cloud,3.83767,9.79007,-0.16247,kinematic,tablea2.dat:743
molecular_cloud,4.55744,10.07046,0.08534,kinematic,tablea2.dat:744
molecular_cloud,3.79901,9.77888,0.16374,kinematic,tablea2.dat:745
molecular_cloud,3.00882,9.47188,-0.08117,kinematic,tablea2.dat:746
molecular_cloud,3.73588,9.75656,-0.04129,kinematic,tablea2.dat:747
molecular_cloud,3.43723,9.64150,-0.04379,kinematic,tablea2.dat:748
molecular_cloud,5.25429,10.35068,0.33114,kinematic,tablea2.dat:749
molecular_cloud,3.90180,9.82674,0.03364,kinematic,tablea2.dat:750
molecular_cloud,2.71806,9.36410,-0.07898,kinematic,tablea2.dat:751
molecular_cloud,2.75309,9.37892,-0.13427,kinematic,tablea2.dat:752
molecular_cloud,3.55213,9.69421,-0.17595,kinematic,tablea2.dat:753
molecular_cloud,3.82485,9.80202,0.08105,kinematic,tablea2.dat:754
molecular_cloud,3.61043,9.71855,0.08329,kinematic,tablea2.dat:755
molecular_cloud,4.17752,9.94473,0.05721,kinematic,tablea2.dat:756
molecular_cloud,3.52564,9.68808,0.08466,kinematic,tablea2.dat:757
molecular_cloud,0.57651,8.52709,0.02164,kinematic,tablea2.dat:758
molecular_cloud,2.96323,9.47143,-0.15194,kinematic,tablea2.dat:759
molecular_cloud,2.83250,9.42204,-0.14314,kinematic,tablea2.dat:760
molecular_cloud,3.28962,9.60511,0.08155,kinematic,tablea2.dat:761
molecular_cloud,3.58433,9.72421,-0.15424,kinematic,tablea2.dat:762
molecular_cloud,5.52992,10.49839,0.32958,kinematic,tablea2.dat:763
molecular_cloud,2.20204,9.17630,0.00041,kinematic,tablea2.dat:764
molecular_cloud,4.36239,10.03601,0.21403,kinematic,tablea2.dat:765
molecular_cloud,2.14980,9.15551,0.16991,kinematic,tablea2.dat:766
molecular_cloud,4.23258,9.98520,0.19731,kinematic,tablea2.dat:767
molecular_cloud,3.98925,9.89882,0.14032,kinematic,tablea2.dat:768
molecular_cloud,2.73420,9.39859,-0.14051,kinematic,tablea2.dat:769
molecular_cloud,6.46873,10.90041,0.33732,kinematic,tablea2.dat:770
molecular_cloud,3.83092,9.84157,0.06703,kinematic,tablea2.dat:771
molecular_cloud,3.47279,9.70662,0.15376,kinematic,tablea2.dat:772
molecular_cloud,4.03771,9.93708,0.16281,kinematic,tablea2.dat:773
molecular_cloud,4.20189,10.00536,0.21782,kinematic,tablea2.dat:774
molecular_cloud,6.49719,10.94220,0.29274,kinematic,tablea2.dat:775
molecular_cloud,2.77597,9.43116,-0.12040,kinematic,tablea2.dat:776
molecular_cloud,3.38738,9.68099,-0.11879,kinematic,tablea2.dat:777
molecular_cloud,4.00168,9.93305,0.39410,kinematic,tablea2.dat:778
molecular_cloud,3.32938,9.66005,-0.15954,kinematic,tablea2.dat:779
molecular_cloud,3.17359,9.59964,-0.06465,kinematic,tablea2.dat:780
molecular_cloud,6.41438,10.93204,0.30272,kinematic,tablea2.dat:781
molecular_cloud,2.39978,9.29991,-0.03539,kinematic,tablea2.dat:782
molecular_cloud,1.03187,8.73228,0.05276,kinematic,tablea2.dat:783
molecular_cloud,2.56146,9.37990,-0.03348,kinematic,tablea2.dat:784
molecular_cloud,3.96103,9.97320,0.02552,kinematic,tablea2.dat:785
molecular_cloud,2.52054,9.36939,-0.10423,kinematic,tablea2.dat:786
molecular_cloud,2.16194,9.21903,-0.06234,kinematic,tablea2.dat:787
molecular_cloud,4.53104,10.26639,0.08104,kinematic,tablea2.dat:788
molecular_cloud,0.67841,8.59484,0.02079,kinematic,tablea2.dat:789
molecular_cloud,3.64667,9.89319,-0.06252,kinematic,tablea2.dat:790
molecular_cloud,3.14054,9.67860,-0.03712,kinematic,tablea2.dat:791
molecular_cloud,2.76167,9.52208,-0.01001,kinematic,tablea2.dat:792
molecular_cloud,2.56513,9.44690,-0.02844,kinematic,tablea2.dat:793
molecular_cloud,2.30864,9.33367,-0.05078,kinematic,tablea2.dat:794
molecular_cloud,5.08800,10.58237,0.19863,kinematic,tablea2.dat:795
molecular_cloud,3.80855,10.01163,0.19399,kinematic,tablea2.dat:796
molecular_cloud,2.21595,9.29635,-0.04156,kinematic,tablea2.dat:797
molecular_cloud,4.00288,10.10233,0.02528,kinematic,tablea2.dat:798
molecular_cloud,9.10190,12.41540,0.13774,kinematic,tablea2.dat:799
molecular_cloud,5.42782,10.76331,0.33429,kinematic,tablea2.dat:800
molecular_cloud,3.40366,9.84898,-0.05809,kinematic,tablea2.dat:801
molecular_cloud,4.91088,10.53595,0.20918,kinematic,tablea2.dat:802
molecular_cloud,4.25189,10.24128,0.23514,kinematic,tablea2.dat:803
molecular_cloud,5.64088,10.87783,0.31526,kinematic,tablea2.dat:804
molecular_cloud,2.64650,9.50998,-0.00965,kinematic,tablea2.dat:805
molecular_cloud,3.62833,9.95965,-0.02925,kinematic,tablea2.dat:806
molecular_cloud,1.44818,8.97192,0.10632,kinematic,tablea2.dat:807
molecular_cloud,4.88025,10.56844,0.29900,kinematic,tablea2.dat:808
molecular_cloud,1.12896,8.82596,0.10634,kinematic,tablea2.dat:809
molecular_cloud,0.73387,8.64252,0.01484,kinematic,tablea2.dat:810
molecular_cloud,2.85062,9.63775,-0.08301,kinematic,tablea2.dat:811
molecular_cloud,4.54898,10.44641,0.31822,kinematic,tablea2.dat:812
molecular_cloud,0.55980,8.56557,0.02229,kinematic,tablea2.dat:813
molecular_cloud,1.61068,9.07102,0.12393,kinematic,tablea2.dat:814
molecular_cloud,2.79193,9.64427,-0.08980,kinematic,tablea2.dat:815
molecular_cloud,5.09267,10.76408,0.37676,kinematic,tablea2.dat:816
molecular_cloud,0.32338,8.45786,0.01037,kinematic,tablea2.dat:817
molecular_cloud,5.16014,10.82458,0.42085,kinematic,tablea2.dat:818
molecular_cloud,2.97923,9.76209,-0.09444,kinematic,tablea2.dat:819
molecular_cloud,3.15922,9.85179,-0.04116,kinematic,tablea2.dat:820
molecular_cloud,3.21707,9.89277,0.04073,kinematic,tablea2.dat:821
molecular_cloud,2.46498,9.53329,-0.14300,kinematic,tablea2.dat:822
molecular_cloud,3.07326,9.86185,-0.13484,kinematic,tablea2.dat:823
molecular_cloud,2.54374,9.60170,-0.12076,kinematic,tablea2.dat:824
molecular_cloud,0.27488,8.44097,0.02583,kinematic,tablea2.dat:825
molecular_cloud,5.58199,11.16752,0.55565,kinematic,tablea2.dat:826
molecular_cloud,3.36015,10.03133,-0.01715,kinematic,tablea2.dat:827
molecular_cloud,4.49027,10.63052,0.09891,kinematic,tablea2.dat:828
molecular_cloud,3.09032,9.91558,0.14128,kinematic,tablea2.dat:829
molecular_cloud,3.20776,9.97769,0.00000,kinematic,tablea2.dat:830
molecular_cloud,1.00764,8.82947,0.06264,kinematic,tablea2.dat:831
molecular_cloud,0.74765,8.69753,0.07408,kinematic,tablea2.dat:832
molecular_cloud,7.76713,12.45075,0.24292,kinematic,tablea2.dat:833
molecular_cloud,4.40358,10.68697,0.10492,kinematic,tablea2.dat:834
molecular_cloud,0.12271,8.36682,0.00884,kinematic,tablea2.dat:835
molecular_cloud,4.56804,10.79264,0.25269,kinematic,tablea2.dat:836
molecular_cloud,3.44843,10.18483,-0.02606,kinematic,tablea2.dat:837
molecular_cloud,2.56984,9.70578,-0.06801,kinematic,tablea2.dat:838
molecular_cloud,4.99190,11.03638,0.28838,kinematic,tablea2.dat:839
molecular_cloud,5.13772,11.12099,0.32051,kinematic,tablea2.dat:840
molecular_cloud,1.17130,8.94659,0.07457,kinematic,tablea2.dat:841
molecular_cloud,2.09517,9.46999,-0.03728,kinematic,tablea2.dat:842
molecular_cloud,4.47522,10.80317,0.15308,kinematic,tablea2.dat:843
molecular_cloud,4.38892,10.77404,0.13457,kinematic,tablea2.dat:844
molecular_cloud,3.71904,10.39728,0.05515,kinematic,tablea2.dat:845
molecular_cloud,3.41138,10.23085,0.02668,kinematic,tablea2.dat:846
molecular_cloud,3.12586,10.07429,0.20221,kinematic,tablea2.dat:847
molecular_cloud,4.37252,10.78394,0.10973,kinematic,tablea2.dat:848
molecular_cloud,3.41563,10.24350,-0.03430,kinematic,tablea2.dat:849
molecular_cloud,4.97211,11.16140,0.19532,kinematic,tablea2.dat:850
molecular_cloud,3.31284,10.22193,-0.01203,kinematic,tablea2.dat:851
molecular_cloud,4.69484,11.02479,0.13740,kinematic,tablea2.dat:852
molecular_cloud,5.03311,11.22111,0.35185,kinematic,tablea2.dat:853
molecular_cloud,1.06106,8.91904,0.06201,kinematic,tablea2.dat:854
molecular_cloud,3.35699,10.26010,0.14390,kinematic,tablea2.dat:855
molecular_cloud,4.92389,11.17729,0.28391,kinematic,tablea2.dat:856
molecular_cloud,3.20025,10.17682,0.00842,kinematic,tablea2.dat:857
molecular_cloud,5.28413,11.40266,0.38874,kinematic,tablea2.dat:858
molecular_cloud,4.20483,10.77485,0.09454,kinematic,tablea2.dat:859
molecular_cloud,4.43570,10.91179,0.15997,kinematic,tablea2.dat:860
molecular_cloud,2.45875,9.74947,0.18207,kinematic,tablea2.dat:861
molecular_cloud,0.54025,8.62078,0.04614,kinematic,tablea2.dat:862
molecular_cloud,0.40231,8.53954,0.04080,kinematic,tablea2.dat:863
molecular_cloud,3.03238,10.10694,-0.02341,kinematic,tablea2.dat:864
molecular_cloud,4.59127,11.04455,0.10084,kinematic,tablea2.dat:865
molecular_cloud,4.41676,10.94652,0.10336,kinematic,tablea2.dat:866
molecular_cloud,1.08805,8.95429,-0.03081,kinematic,tablea2.dat:867
molecular_cloud,3.10986,10.17229,-0.01394,kinematic,tablea2.dat:868
molecular_cloud,4.13669,10.83100,0.06602,kinematic,tablea2.dat:869
molecular_cloud,4.88640,11.29674,0.30041,kinematic,tablea2.dat:870
molecular_cloud,2.53405,9.85530,0.20009,kinematic,tablea2.dat:871
molecular_cloud,2.88417,10.08061,-0.05561,kinematic,tablea2.dat:872
molecular_cloud,4.84899,11.32528,0.40968,kinematic,tablea2.dat:873
molecular_cloud,0.93285,8.88291,0.00000,kinematic,tablea2.dat:874
molecular_cloud,0.09309,8.35817,0.00706,kinematic,tablea2.dat:875
molecular_cloud,4.23615,10.96043,0.27792,kinematic,tablea2.dat:876
molecular_cloud,0.67721,8.72547,-0.01913,kinematic,tablea2.dat:877
molecular_cloud,4.13312,10.90075,0.25592,kinematic,tablea2.dat:878
molecular_cloud,2.68212,9.98902,-0.04813,kinematic,tablea2.dat:879
molecular_cloud,4.16618,10.92562,0.23223,kinematic,tablea2.dat:880
molecular_cloud,4.89225,11.38797,0.41267,kinematic,tablea2.dat:881
molecular_cloud,3.69224,10.64769,0.20022,kinematic,tablea2.dat:882
molecular_cloud,4.01197,10.85787,0.13789,kinematic,tablea2.dat:883
molecular_cloud,3.86846,10.76733,0.12416,kinematic,tablea2.dat:884
molecular_cloud,8.18851,13.52872,0.29514,kinematic,tablea2.dat:885
molecular_cloud,1.01942,8.95170,-0.01309,kinematic,tablea2.dat:886
molecular_cloud,4.71163,11.31669,0.24525,kinematic,tablea2.dat:887
molecular_cloud,4.44934,11.16740,0.26722,kinematic,tablea2.dat:888
molecular_cloud,3.72686,10.71102,0.10538,kinematic,tablea2.dat:889
molecular_cloud,0.43565,8.58248,0.02848,kinematic,tablea2.dat:890
molecular_cloud,2.84089,10.14913,-0.04615,kinematic,tablea2.dat:891
molecular_cloud,1.75768,9.44407,-0.23191,kinematic,tablea2.dat:892
molecular_cloud,4.41811,11.19554,0.28331,kinematic,tablea2.dat:893
molecular_cloud,4.20694,11.07924,0.28278,kinematic,tablea2.dat:894
molecular_cloud,4.66692,11.38896,0.19544,kinematic,tablea2.dat:895
molecular_cloud,1.14884,9.06387,-0.03275,kinematic,tablea2.dat:896
molecular_cloud,4.39658,11.22994,0.26395,kinematic,tablea2.dat:897
molecular_cloud,2.75434,10.15363,-0.00695,kinematic,tablea2.dat:898
molecular_cloud,3.33873,10.55285,0.13572,kinematic,tablea2.dat:899
molecular_cloud,2.78989,10.19032,-0.01059,kinematic,tablea2.dat:900
molecular_cloud,2.92577,10.29283,-0.01050,kinematic,tablea2.dat:901
molecular_cloud,2.71023,10.14741,0.01259,kinematic,tablea2.dat:902
molecular_cloud,2.89846,10.27942,0.03063,kinematic,tablea2.dat:903
molecular_cloud,5.18749,11.85062,0.21732,kinematic,tablea2.dat:904
molecular_cloud,0.46848,8.62318,0.03132,kinematic,tablea2.dat:905
molecular_cloud,6.95627,13.10060,0.36902,kinematic,tablea2.dat:906
molecular_cloud,4.19160,11.21107,0.26120,kinematic,tablea2.dat:907
molecular_cloud,2.56581,10.09260,-0.00874,kinematic,tablea2.dat:908
molecular_cloud,4.74599,11.63306,0.07896,kinematic,tablea2.dat:909
molecular_cloud,4.56254,11.52926,0.05659,kinematic,tablea2.dat:910
molecular_cloud,3.47054,10.78283,0.15423,kinematic,tablea2.dat:911
molecular_cloud,4.50876,11.54943,0.16106,kinematic,tablea2.dat:912
molecular_cloud,0.27416,8.49941,0.02591,kinematic,tablea2.dat:913
molecular_cloud,0.51508,8.67975,-0.00882,kinematic,tablea2.dat:914
molecular_cloud,3.79760,11.10290,-0.01977,kinematic,tablea2.dat:915
molecular_cloud,6.13568,13.01147,0.25122,kinematic,tablea2.dat:916
molecular_cloud,3.08577,10.68495,-0.00749,kinematic,tablea2.dat:917
molecular_cloud,3.89096,11.32576,0.10067,kinematic,tablea2.dat:918
molecular_cloud,2.94938,10.62928,0.11482,kinematic,tablea2.dat:919
molecular_cloud,0.64911,8.81725,-0.00391,kinematic,tablea2.dat:920
molecular_cloud,3.22605,10.87716,0.08793,kinematic,tablea2.dat:921
molecular_cloud,3.43471,11.04779,0.11134,kinematic,tablea2.dat:922
molecular_cloud,6.27359,13.33689,0.27252,kinematic,tablea2.dat:923
molecular_cloud,6.41911,13.46294,0.19126,kinematic,tablea2.dat:924
molecular_cloud,1.82314,9.76689,0.00245,kinematic,tablea2.dat:925
molecular_cloud,2.08304,9.98621,-0.00748,kinematic,tablea2.dat:926
molecular_cloud,2.22523,10.11226,0.03106,kinematic,tablea2.dat:927
molecular_cloud,2.13105,10.03804,-0.01776,kinematic,tablea2.dat:928
molecular_cloud,1.91663,9.87378,-0.01125,kinematic,tablea2.dat:929
molecular_cloud,0.61742,8.81937,0.07172,kinematic,tablea2.dat:930
molecular_cloud,2.61854,10.54357,0.11017,kinematic,tablea2.dat:931
molecular_cloud,3.90671,11.65556,0.01977,kinematic,tablea2.dat:932
molecular_cloud,3.33255,11.27860,-0.05461,kinematic,tablea2.dat:933
molecular_cloud,5.89705,13.58369,0.18383,kinematic,tablea2.dat:934
molecular_cloud,3.45970,11.43596,-0.07172,kinematic,tablea2.dat:935
molecular_cloud,2.06960,10.19910,-0.07944,kinematic,tablea2.dat:936
molecular_cloud,2.84578,10.98079,0.05527,kinematic,tablea2.dat:937
molecular_cloud,0.68332,8.94550,-0.00131,kinematic,tablea2.dat:938
molecular_cloud,2.28203,10.45575,0.06850,kinematic,tablea2.dat:939
molecular_cloud,2.40499,10.57349,0.05835,kinematic,tablea2.dat:940
molecular_cloud,3.03655,11.17253,0.01824,kinematic,tablea2.dat:941
molecular_cloud,2.85214,11.00374,0.00137,kinematic,tablea2.dat:942
molecular_cloud,0.68062,8.94589,0.14861,kinematic,tablea2.dat:943
molecular_cloud,2.56043,10.74424,0.03831,kinematic,tablea2.dat:944
molecular_cloud,2.17955,10.38939,0.06641,kinematic,tablea2.dat:945
molecular_cloud,2.60771,10.80946,0.08276,kinematic,tablea2.dat:946
molecular_cloud,2.71850,10.92614,0.03958,kinematic,tablea2.dat:947
molecular_cloud,2.86231,11.06506,0.04515,kinematic,tablea2.dat:948
molecular_cloud,2.90469,11.13358,-0.13107,kinematic,tablea2.dat:949
molecular_cloud,2.78438,11.02857,-0.11026,kinematic,tablea2.dat:950
molecular_cloud,0.57823,8.86723,-0.00198,kinematic,tablea2.dat:951
molecular_cloud,1.59705,9.86832,0.08599,kinematic,tablea2.dat:952
molecular_cloud,2.42282,10.69925,-0.04047,kinematic,tablea2.dat:953
molecular_cloud,2.28254,10.56983,0.07923,kinematic,tablea2.dat:954
molecular_cloud,2.15215,10.44540,0.08435,kinematic,tablea2.dat:955
molecular_cloud,2.58077,10.89523,-0.00383,kinematic,tablea2.dat:956
molecular_cloud,2.33769,10.65736,-0.02202,kinematic,tablea2.dat:957
molecular_cloud,2.61053,10.93525,0.06863,kinematic,tablea2.dat:958
molecular_cloud,3.60639,12.07387,0.01731,kinematic,tablea2.dat:959
molecular_cloud,5.46719,14.02909,0.11749,kinematic,tablea2.dat:960
molecular_cloud,0.40714,8.72664,-0.01771,kinematic,tablea2.dat:961
molecular_cloud,3.56460,12.07210,0.03080,kinematic,tablea2.dat:962
molecular_cloud,1.96785,10.38823,0.06161,kinematic,tablea2.dat:963
molecular_cloud,3.82722,12.37415,0.04293,kinematic,tablea2.dat:964
molecular_cloud,3.56798,12.11016,0.02369,kinematic,tablea2.dat:965
molecular_cloud,2.22619,10.68062,0.06600,kinematic,tablea2.dat:966
molecular_cloud,3.03543,11.57223,0.24407,kinematic,tablea2.dat:967
molecular_cloud,2.19315,10.67005,0.07666,kinematic,tablea2.dat:968
molecular_cloud,2.06541,10.54219,0.09580,kinematic,tablea2.dat:969
molecular_cloud,2.58991,11.14827,-0.04771,kinematic,tablea2.dat:970
molecular_cloud,0.35561,8.69109,0.03863,kinematic,tablea2.dat:971
molecular_cloud,11.38607,20.83949,-0.28678,kinematic,tablea2.dat:972
molecular_cloud,2.38334,10.94232,0.10685,kinematic,tablea2.dat:973
molecular_cloud,0.49858,8.85939,0.03167,kinematic,tablea2.dat:974
molecular_cloud,2.68144,11.31806,-0.15086,kinematic,tablea2.dat:975
molecular_cloud,2.61605,11.25899,-0.05584,kinematic,tablea2.dat:976
molecular_cloud,2.03009,10.60107,0.09322,kinematic,tablea2.dat:977
molecular_cloud,0.64469,9.03281,0.08814,kinematic,tablea2.dat:978
molecular_cloud,3.05988,11.84740,0.22175,kinematic,tablea2.dat:979
molecular_cloud,2.16074,10.80677,0.05835,kinematic,tablea2.dat:980
molecular_cloud,0.56092,8.95075,-0.03856,kinematic,tablea2.dat:981
molecular_cloud,2.84727,11.61142,-0.15632,kinematic,tablea2.dat:982
molecular_cloud,3.21991,12.05143,0.24785,kinematic,tablea2.dat:983
molecular_cloud,1.96489,10.59329,-0.02108,kinematic,tablea2.dat:984
molecular_cloud,2.92629,11.71657,-0.11780,kinematic,tablea2.dat:985
molecular_cloud,0.63530,9.04463,-0.04804,kinematic,tablea2.dat:986
molecular_cloud,2.13343,10.81743,-0.03225,kinematic,tablea2.dat:987
molecular_cloud,2.18356,10.89306,0.01302,kinematic,tablea2.dat:988
molecular_cloud,3.03005,11.89957,0.21448,kinematic,tablea2.dat:989
molecular_cloud,0.64534,9.07648,0.02679,kinematic,tablea2.dat:990
molecular_cloud,0.49822,8.89946,0.02872,kinematic,tablea2.dat:991
molecular_cloud,0.35728,8.72988,0.03399,kinematic,tablea2.dat:992
molecular_cloud,0.51470,8.92238,0.06186,kinematic,tablea2.dat:993
molecular_cloud,1.91603,10.62103,0.04203,kinematic,tablea2.dat:994
molecular_cloud,0.57448,9.00138,0.07836,kinematic,tablea2.dat:995
molecular_cloud,2.05696,10.81580,0.04651,kinematic,tablea2.dat:996
molecular_cloud,2.06320,10.82343,-0.05576,kinematic,tablea2.dat:997
molecular_cloud,2.25146,11.05761,-0.00994,kinematic,tablea2.dat:998
molecular_cloud,2.24107,11.05273,-0.05080,kinematic,tablea2.dat:999
molecular_cloud,2.22386,11.09177,-0.07352,kinematic,tablea2.dat:1000
molecular_cloud,0.65250,9.13516,0.01850,kinematic,tablea2.dat:1001
molecular_cloud,3.90977,13.92541,0.35783,kinematic,tablea2.dat:1002
molecular_cloud,5.13485,15.71567,-0.03936,kinematic,tablea2.dat:1003
molecular_cloud,5.27322,16.40456,0.13501,kinematic,tablea2.dat:1004
molecular_cloud,4.33834,15.49176,0.13194,kinematic,tablea2.dat:1005
molecular_cloud,3.95126,15.18534,0.15243,kinematic,tablea2.dat:1006
molecular_cloud,3.78238,15.18866,0.13992,kinematic,tablea2.dat:1007
molecular_cloud,1.55053,11.15572,-0.05672,kinematic,tablea2.dat:1008
molecular_cloud,0.58706,9.50365,-0.04677,kinematic,tablea2.dat:1009
molecular_cloud,2.01077,12.48742,0.21175,kinematic,tablea2.dat:1010
molecular_cloud,3.16228,14.97175,0.31590,photometric_or_trigonometric,tablea2.dat:1011
molecular_cloud,3.53246,16.57772,0.03299,kinematic,tablea2.dat:1012
molecular_cloud,0.14884,9.65031,0.06406,photometric_or_trigonometric,tablea2.dat:1013
molecular_cloud,-0.04865,8.60613,0.00422,kinematic,tablea2.dat:1014
molecular_cloud,-0.36645,10.36769,0.01943,photometric_or_trigonometric,tablea2.dat:1015
molecular_cloud,-1.04748,12.50122,-0.03779,kinematic,tablea2.dat:1016
molecular_cloud,-0.96488,12.09924,-0.03421,kinematic,tablea2.dat:1017
molecular_cloud,-1.17160,12.83024,-0.08168,kinematic,tablea2.dat:1018
molecular_cloud,-0.58074,10.54556,-0.05102,kinematic,tablea2.dat:1019
molecular_cloud,-0.95671,11.74980,0.00000,kinematic,tablea2.dat:1020
molecular_cloud,-2.17152,15.99962,-0.01815,kinematic,tablea2.dat:1021
molecular_cloud,-0.92886,11.53933,0.02941,kinematic,tablea2.dat:1022
molecular_cloud,-1.49454,13.36170,-0.15480,photometric_or_trigonometric,tablea2.dat:1023
molecular_cloud,-2.68004,17.15996,-0.50131,photometric_or_trigonometric,tablea2.dat:1024
molecular_cloud,-0.86827,11.13998,0.03888,kinematic,tablea2.dat:1025
molecular_cloud,-1.67989,12.25757,0.07505,kinematic,tablea2.dat:1026
molecular_cloud,-1.23159,11.00248,-0.02592,kinematic,tablea2.dat:1027
molecular_cloud,-2.92563,14.68129,0.01593,kinematic,tablea2.dat:1028
molecular_cloud,-1.69878,11.94305,0.05262,kinematic,tablea2.dat:1029
molecular_cloud,-0.84887,10.09987,0.00000,kinematic,tablea2.dat:1030
molecular_cloud,-0.84602,10.03461,-0.01684,kinematic,tablea2.dat:1031
molecular_cloud,-1.73616,11.63513,0.01641,kinematic,tablea2.dat:1032
molecular_cloud,-2.14150,12.37032,0.08028,kinematic,tablea2.dat:1033
molecular_cloud,-2.09932,12.16646,0.05759,kinematic,tablea2.dat:1034
molecular_cloud,-3.25958,14.24143,-0.20705,kinematic,tablea2.dat:1035
molecular_cloud,-1.38858,10.75431,0.02461,kinematic,tablea2.dat:1036
molecular_cloud,-2.57991,12.85997,-0.09145,kinematic,tablea2.dat:1037
molecular_cloud,-1.07815,10.20563,-0.04777,kinematic,tablea2.dat:1038
molecular_cloud,-1.74485,11.32217,-0.04568,kinematic,tablea2.dat:1039
molecular_cloud,-0.91929,9.89226,-0.07224,kinematic,tablea2.dat:1040
molecular_cloud,-1.95699,11.67191,-0.10209,kinematic,tablea2.dat:1041
molecular_cloud,-2.11228,11.93948,-0.12857,kinematic,tablea2.dat:1042
molecular_cloud,-1.80547,11.37980,0.00000,kinematic,tablea2.dat:1043
molecular_cloud,-3.48496,14.09079,0.13921,kinematic,tablea2.dat:1044
molecular_cloud,-0.89226,9.77039,-0.01501,kinematic,tablea2.dat:1045
molecular_cloud,-2.43268,12.30893,-0.08185,kinematic,tablea2.dat:1046
molecular_cloud,-2.29191,12.07695,-0.13498,kinematic,tablea2.dat:1047
molecular_cloud,-2.56508,12.48583,0.08569,kinematic,tablea2.dat:1048
molecular_cloud,-1.23246,10.25333,-0.04032,kinematic,tablea2.dat:1049
molecular_cloud,-2.45425,12.18976,-0.08028,kinematic,tablea2.dat:1050
molecular_cloud,-2.31961,11.87189,0.09293,kinematic,tablea2.dat:1051
molecular_cloud,-1.86854,11.15000,-0.11901,kinematic,tablea2.dat:1052
molecular_cloud,-2.40991,11.87285,0.05642,kinematic,tablea2.dat:1053
molecular_cloud,-2.55977,12.02448,0.07888,kinematic,tablea2.dat:1054
molecular_cloud,-1.23985,10.10399,-0.06688,kinematic,tablea2.dat:1055
molecular_cloud,-2.68966,12.14124,0.08185,kinematic,tablea2.dat:1056
molecular_cloud,-1.33896,10.19459,-0.01012,kinematic,tablea2.dat:1057
molecular_cloud,-2.78154,12.19958,0.02090,kinematic,tablea2.dat:1058
molecular_cloud,-2.33263,11.57022,-0.15782,kinematic,tablea2.dat:1059
molecular_cloud,-2.95560,12.40559,0.11038,kinematic,tablea2.dat:1060
molecular_cloud,-2.52150,11.77055,0.03744,kinematic,tablea2.dat:1061
molecular_cloud,-1.27723,10.04192,0.00000,kinematic,tablea2.dat:1062
molecular_cloud,-2.59928,11.81272,0.03813,kinematic,tablea2.dat:1063
molecular_cloud,-2.70580,11.95668,0.09926,kinematic,tablea2.dat:1064
molecular_cloud,-1.47165,10.27078,-0.04293,kinematic,tablea2.dat:1065
molecular_cloud,-2.95480,12.22115,0.04285,kinematic,tablea2.dat:1066
molecular_cloud,-3.22335,12.55740,-0.01212,kinematic,tablea2.dat:1067
molecular_cloud,-1.19243,9.86812,0.00000,kinematic,tablea2.dat:1068
molecular_cloud,-1.25296,9.94772,0.00000,kinematic,tablea2.dat:1069
molecular_cloud,-2.91405,12.11417,0.02094,kinematic,tablea2.dat:1070
molecular_cloud,-2.91323,12.11310,-0.11560,kinematic,tablea2.dat:1071
molecular_cloud,-0.96658,9.53717,0.00685,kinematic,tablea2.dat:1072
molecular_cloud,-1.25594,9.90753,-0.00890,kinematic,tablea2.dat:1073
molecular_cloud,-1.17556,9.79119,-0.06631,kinematic,tablea2.dat:1074
molecular_cloud,-1.54679,10.26210,-0.08725,kinematic,tablea2.dat:1075
molecular_cloud,-3.41741,12.55801,-0.04765,kinematic,tablea2.dat:1076
molecular_cloud,-3.76792,12.99473,-0.05253,kinematic,tablea2.dat:1077
molecular_cloud,-1.48440,10.13308,-0.07742,kinematic,tablea2.dat:1078
molecular_cloud,-1.46342,10.05958,-0.07992,kinematic,tablea2.dat:1079
molecular_cloud,-1.65307,10.25268,-0.08934,kinematic,tablea2.dat:1080
molecular_cloud,-4.14840,12.94789,0.02718,kinematic,tablea2.dat:1081
molecular_cloud,-2.97257,11.54399,-0.01920,kinematic,tablea2.dat:1082
molecular_cloud,-2.07586,10.54566,-0.10679,kinematic,tablea2.dat:1083
molecular_cloud,-4.05671,12.53769,-0.20486,kinematic,tablea2.dat:1084
molecular_cloud,-1.93188,10.03947,-0.04538,kinematic,tablea2.dat:1085
molecular_cloud,-2.30277,10.24944,-0.13173,kinematic,tablea2.dat:1086
molecular_cloud,-2.15992,10.11238,-0.04922,kinematic,tablea2.dat:1087
molecular_cloud,-2.35763,10.26082,-0.14729,kinematic,tablea2.dat:1088
molecular_cloud,-2.49143,10.30818,0.00000,kinematic,tablea2.dat:1089
molecular_cloud,-2.47267,10.26685,-0.05515,kinematic,tablea2.dat:1090
molecular_cloud,-3.60908,11.11972,0.01039,kinematic,tablea2.dat:1091
molecular_cloud,-2.60888,10.32001,-0.05759,kinematic,tablea2.dat:1092
molecular_cloud,-2.32059,10.06462,-0.16554,kinematic,tablea2.dat:1093
molecular_cloud,-2.69916,10.33396,-0.04424,kinematic,tablea2.dat:1094
molecular_cloud,-2.81077,10.41807,-0.06143,kinematic,tablea2.dat:1095
molecular_cloud,-3.17949,10.67424,-0.12124,kinematic,tablea2.dat:1096
molecular_cloud,-2.58883,10.18089,-0.01396,kinematic,tablea2.dat:1097
molecular_cloud,-5.51805,12.27243,-0.10444,kinematic,tablea2.dat:1098
molecular_cloud,-2.58072,10.14081,-0.01383,kinematic,tablea2.dat:1099
molecular_cloud,-2.94064,10.35906,0.03133,kinematic,tablea2.dat:1100
molecular_cloud,-6.03755,12.46814,-0.22415,kinematic,tablea2.dat:1101
molecular_cloud,-2.99132,10.35588,0.04752,kinematic,tablea2.dat:1102
molecular_cloud,-3.33828,10.57295,-0.10575,kinematic,tablea2.dat:1103
molecular_cloud,-1.62326,9.37931,-0.05105,kinematic,tablea2.dat:1104
molecular_cloud,-5.70985,12.09649,-0.20949,kinematic,tablea2.dat:1105
molecular_cloud,-3.71297,10.73433,-0.03875,kinematic,tablea2.dat:1106
molecular_cloud,-1.23209,9.10013,-0.05130,kinematic,tablea2.dat:1107
molecular_cloud,-3.76792,10.73478,-0.18646,kinematic,tablea2.dat:1108
molecular_cloud,-5.39819,11.77223,-0.14005,kinematic,tablea2.dat:1109
molecular_cloud,-3.68559,10.64798,-0.01907,kinematic,tablea2.dat:1110
molecular_cloud,-1.19229,9.05228,-0.02461,kinematic,tablea2.dat:1111
molecular_cloud,-4.53143,11.08994,-0.30217,kinematic,tablea2.dat:1112
molecular_cloud,-6.40830,12.13073,-0.24506,kinematic,tablea2.dat:1113
molecular_cloud,-1.26796,9.05796,-0.09035,kinematic,tablea2.dat:1114
molecular_cloud,-6.07122,11.87622,-0.23128,kinematic,tablea2.dat:1115
molecular_cloud,-4.90532,11.10362,0.00000,kinematic,tablea2.dat:1116
molecular_cloud,-4.95723,11.13329,0.04983,kinematic,tablea2.dat:1117
molecular_cloud,-1.36244,9.07870,-0.04795,kinematic,tablea2.dat:1118
molecular_cloud,-4.74805,10.93189,-0.11845,kinematic,tablea2.dat:1119
molecular_cloud,-5.01197,10.99303,-0.06256,kinematic,tablea2.dat:1120
molecular_cloud,-4.79384,10.84893,-0.08340,kinematic,tablea2.dat:1121
molecular_cloud,-5.16831,11.01918,0.01325,kinematic,tablea2.dat:1122
molecular_cloud,-1.24640,8.95576,-0.06765,kinematic,tablea2.dat:1123
molecular_cloud,-1.59114,9.13714,-0.08636,kinematic,tablea2.dat:1124
molecular_cloud,-5.39937,11.09518,0.01380,kinematic,tablea2.dat:1125
molecular_cloud,-3.93404,10.31488,0.00000,kinematic,tablea2.dat:1126
molecular_cloud,-4.69040,10.70227,-0.04599,kinematic,tablea2.dat:1127
molecular_cloud,-1.31688,8.97099,-0.07746,kinematic,tablea2.dat:1128
molecular_cloud,-4.95561,10.79783,-0.07265,kinematic,tablea2.dat:1129
molecular_cloud,-5.33606,10.87381,-0.25866,kinematic,tablea2.dat:1130
molecular_cloud,-7.80261,12.02165,-0.30188,kinematic,tablea2.dat:1131
molecular_cloud,-4.63981,10.48828,-0.02238,kinematic,tablea2.dat:1132
molecular_cloud,-1.38732,8.89604,-0.01318,kinematic,tablea2.dat:1133
molecular_cloud,-2.11005,9.16324,-0.02984,kinematic,tablea2.dat:1134
molecular_cloud,-1.88211,9.06042,0.01771,kinematic,tablea2.dat:1135
molecular_cloud,-7.77525,11.20705,-0.56299,kinematic,tablea2.dat:1136
molecular_cloud,-8.81319,11.52866,-0.51326,kinematic,tablea2.dat:1137
molecular_cloud,-5.40591,10.22709,-0.10018,kinematic,tablea2.dat:1138
molecular_cloud,-7.83331,11.05393,-0.52676,kinematic,tablea2.dat:1139
molecular_cloud,-4.41947,9.80021,-0.16298,kinematic,tablea2.dat:1140
molecular_cloud,-8.60637,11.08310,-0.67059,kinematic,tablea2.dat:1141
molecular_cloud,-9.28313,11.13814,-0.49685,kinematic,tablea2.dat:1142
molecular_cloud,-9.21954,11.07828,-0.45915,kinematic,tablea2.dat:1143
molecular_cloud,-10.36974,11.36575,-0.59889,kinematic,tablea2.dat:1144
molecular_cloud,-2.87839,9.14552,0.00000,kinematic,tablea2.dat:1145
molecular_cloud,-2.88015,9.13949,0.00000,kinematic,tablea2.dat:1146
molecular_cloud,-6.76503,10.20794,-0.12269,kinematic,tablea2.dat:1147
molecular_cloud,-3.03901,9.15709,-0.12406,kinematic,tablea2.dat:1148
molecular_cloud,-7.23240,10.20413,-0.13054,kinematic,tablea2.dat:1149
molecular_cloud,-7.88544,10.35694,-0.10668,kinematic,tablea2.dat:1150
molecular_cloud,-10.73903,11.08330,-0.76214,kinematic,tablea2.dat:1151
molecular_cloud,-3.13014,9.09495,-0.05637,kinematic,tablea2.dat:1152
molecular_cloud,-8.13252,10.30958,-0.21936,kinematic,tablea2.dat:1153
molecular_cloud,-3.98793,9.24124,-0.14309,kinematic,tablea2.dat:1154
molecular_cloud,-4.78397,9.40447,-0.04285,kinematic,tablea2.dat:1155
molecular_cloud,-8.65377,10.23911,-0.17028,kinematic,tablea2.dat:1156
molecular_cloud,-5.05717,9.42115,-0.02260,kinematic,tablea2.dat:1157
molecular_cloud,-3.80523,9.14360,-0.13611,kinematic,tablea2.dat:1158
molecular_cloud,-8.92540,10.27871,-0.37997,kinematic,tablea2.dat:1159
molecular_cloud,-8.71499,10.22090,-0.32256,kinematic,tablea2.dat:1160
molecular_cloud,-8.72012,10.18058,-0.40976,kinematic,tablea2.dat:1161
molecular_cloud,-9.98839,10.35032,-0.52189,kinematic,tablea2.dat:1162
molecular_cloud,-7.69124,9.86480,-0.13700,kinematic,tablea2.dat:1163
molecular_cloud,-6.26937,9.57552,-0.16753,kinematic,tablea2.dat:1164
molecular_cloud,-10.55301,10.42786,-0.72825,kinematic,tablea2.dat:1165
molecular_cloud,-8.80168,10.02203,-0.16124,kinematic,tablea2.dat:1166
molecular_cloud,-5.49455,9.36803,-0.17102,kinematic,tablea2.dat:1167
molecular_cloud,-5.15296,9.27832,-0.22900,kinematic,tablea2.dat:1168
molecular_cloud,-9.46936,10.07727,-0.31962,kinematic,tablea2.dat:1169
molecular_cloud,-5.99138,9.38342,-0.13285,kinematic,tablea2.dat:1170
molecular_cloud,-9.32755,9.97325,-0.25974,kinematic,tablea2.dat:1171
molecular_cloud,-5.82021,9.32626,0.00000,kinematic,tablea2.dat:1172
molecular_cloud,-9.05895,9.88593,-0.24564,kinematic,tablea2.dat:1173
molecular_cloud,-5.54245,9.22749,-0.07356,kinematic,tablea2.dat:1174
molecular_cloud,-5.38703,9.18892,0.03621,kinematic,tablea2.dat:1175
molecular_cloud,-6.22202,9.31332,-0.27524,kinematic,tablea2.dat:1176
molecular_cloud,-6.83422,9.38243,-0.09058,kinematic,tablea2.dat:1177
molecular_cloud,-10.42700,9.90114,-0.92850,kinematic,tablea2.dat:1178
molecular_cloud,-10.61277,9.90503,-0.37482,kinematic,tablea2.dat:1179
molecular_cloud,-5.49762,9.12162,-0.12129,kinematic,tablea2.dat:1180
molecular_cloud,-10.65487,9.83539,-0.56982,kinematic,tablea2.dat:1181
molecular_cloud,-10.46917,9.80304,-0.27141,kinematic,tablea2.dat:1182
molecular_cloud,-10.14695,9.69537,-0.39348,kinematic,tablea2.dat:1183
molecular_cloud,-5.98118,9.11400,-0.21079,kinematic,tablea2.dat:1184
molecular_cloud,-6.07084,9.07231,-0.05341,kinematic,tablea2.dat:1185
molecular_cloud,-6.29667,9.07313,-0.27698,kinematic,tablea2.dat:1186
molecular_cloud,-11.96556,9.64215,-0.84196,kinematic,tablea2.dat:1187
molecular_cloud,-3.37027,8.65423,-0.08874,kinematic,tablea2.dat:1188
molecular_cloud,-5.16029,8.75147,0.00000,kinematic,tablea2.dat:1189
molecular_cloud,-3.48549,8.60494,-0.09162,kinematic,tablea2.dat:1190
molecular_cloud,-6.96434,8.87869,-0.15249,kinematic,tablea2.dat:1191
molecular_cloud,-3.30863,8.56039,-0.08691,kinematic,tablea2.dat:1192
molecular_cloud,-9.63471,9.05319,-0.33748,kinematic,tablea2.dat:1193
molecular_cloud,-3.14221,8.49219,-0.10993,kinematic,tablea2.dat:1194
molecular_cloud,-7.08701,8.73346,-0.37211,kinematic,tablea2.dat:1195
molecular_cloud,-3.88341,8.52052,-0.05092,kinematic,tablea2.dat:1196
molecular_cloud,-6.36586,8.66148,-0.22266,kinematic,tablea2.dat:1197
molecular_cloud,-2.65613,8.43920,-0.03482,kinematic,tablea2.dat:1198
molecular_cloud,-2.55549,8.42275,-0.08934,kinematic,tablea2.dat:1199
molecular_cloud,-7.09081,8.48568,-0.30970,kinematic,tablea2.dat:1200
molecular_cloud,-5.27899,8.39215,-0.04608,kinematic,tablea2.dat:1201
molecular_cloud,-5.65892,8.39878,-0.04939,kinematic,tablea2.dat:1202
molecular_cloud,-7.11722,8.42423,-0.15532,kinematic,tablea2.dat:1203
molecular_cloud,-8.86510,8.41605,-0.27088,kinematic,tablea2.dat:1204
molecular_cloud,-8.51996,8.31784,-0.01933,kinematic,tablea2.dat:1205
molecular_cloud,-6.43896,8.19885,-0.05620,kinematic,tablea2.dat:1206
molecular_cloud,-0.21992,8.29424,-0.00192,kinematic,tablea2.dat:1207
molecular_cloud,-6.31209,7.19836,-0.17898,kinematic,tablea2.dat:1208
molecular_cloud,-3.13629,7.66761,-0.06143,photometric_or_trigonometric,tablea2.dat:1209
molecular_cloud,-4.95872,7.24599,-0.07079,kinematic,tablea2.dat:1210
molecular_cloud,-1.80317,7.88702,-0.02260,kinematic,tablea2.dat:1211
molecular_cloud,-1.80284,7.88709,0.04197,kinematic,tablea2.dat:1212
molecular_cloud,-3.88454,7.34587,0.00000,photometric_or_trigonometric,tablea2.dat:1213
molecular_cloud,-4.93752,7.02307,-0.01780,kinematic,tablea2.dat:1214
molecular_cloud,-3.50134,7.34214,0.00000,kinematic,tablea2.dat:1215
molecular_cloud,-5.54476,6.66809,-0.03026,kinematic,tablea2.dat:1216
molecular_cloud,-2.57494,7.48813,-0.02356,photometric_or_trigonometric,tablea2.dat:1217
molecular_cloud,-2.47890,7.51698,0.04402,photometric_or_trigonometric,tablea2.dat:1218
molecular_cloud,-2.45418,7.52149,0.36185,photometric_or_trigonometric,tablea2.dat:1219
molecular_cloud,-2.51073,7.45505,0.06937,kinematic,tablea2.dat:1220
molecular_cloud,-2.46086,7.46226,0.04855,photometric_or_trigonometric,tablea2.dat:1221
molecular_cloud,-7.45562,5.68908,-0.08273,photometric_or_trigonometric,tablea2.dat:1222
molecular_cloud,-4.77690,6.54244,-0.01777,kinematic,tablea2.dat:1223
molecular_cloud,-6.46813,5.86879,-0.02412,kinematic,tablea2.dat:1224
molecular_cloud,-6.69423,5.64957,-0.05027,photometric_or_trigonometric,tablea2.dat:1225
molecular_cloud,-7.80053,5.21155,-0.07322,kinematic,tablea2.dat:1226
molecular_cloud,-5.87154,5.85592,-0.03330,kinematic,tablea2.dat:1227
molecular_cloud,-2.20361,7.35097,-0.05864,photometric_or_trigonometric,tablea2.dat:1228
molecular_cloud,-8.40358,4.55848,-0.14451,kinematic,tablea2.dat:1229
molecular_cloud,-5.58207,5.76786,-0.07489,kinematic,tablea2.dat:1230
molecular_cloud,-8.10405,4.50379,-0.12496,kinematic,tablea2.dat:1231
molecular_cloud,-8.13208,4.08473,-0.07994,kinematic,tablea2.dat:1232
molecular_cloud,-3.48559,6.39960,0.00693,kinematic,tablea2.dat:1233
molecular_cloud,-8.53518,3.60775,-0.03400,kinematic,tablea2.dat:1234
molecular_cloud,-6.34243,4.72623,-0.01271,kinematic,tablea2.dat:1235
molecular_cloud,-9.14330,2.95709,-0.03697,kinematic,tablea2.dat:1236
molecular_cloud,-7.70359,3.74411,-0.03124,kinematic,tablea2.dat:1237
molecular_cloud,-8.80489,2.84074,0.00000,kinematic,tablea2.dat:1238
molecular_cloud,-7.47901,3.66282,-0.03072,kinematic,tablea2.dat:1239
molecular_cloud,-2.51505,6.72078,0.03888,kinematic,tablea2.dat:1240
molecular_cloud,-9.41551,2.34776,-0.13610,kinematic,tablea2.dat:1241
molecular_cloud,-7.33721,3.64367,0.00000,kinematic,tablea2.dat:1242
molecular_cloud,-9.35401,2.01437,-0.07868,kinematic,tablea2.dat:1244
molecular_cloud,-2.90718,6.24541,0.02330,kinematic,tablea2.dat:1245
molecular_cloud,-6.30731,3.78024,-0.08465,kinematic,tablea2.dat:1246
molecular_cloud,-4.21918,5.26262,0.11344,kinematic,tablea2.dat:1247
molecular_cloud,-6.53206,3.51049,-0.05301,kinematic,tablea2.dat:1248
molecular_cloud,-7.88768,2.50592,-0.23919,kinematic,tablea2.dat:1249
molecular_cloud,-9.30797,1.31137,-0.10158,kinematic,tablea2.dat:1250
molecular_cloud,-7.09194,2.75917,-0.05890,kinematic,tablea2.dat:1251
molecular_cloud,-9.82576,0.62327,-0.15235,kinematic,tablea2.dat:1252
molecular_cloud,-4.03742,5.10285,0.00000,kinematic,tablea2.dat:1253
molecular_cloud,-7.32065,2.37186,-0.04110,kinematic,tablea2.dat:1254
molecular_cloud,-2.68411,6.11674,-0.02265,kinematic,tablea2.dat:1255
molecular_cloud,-2.47074,6.14274,0.00716,kinematic,tablea2.dat:1256
molecular_cloud,-9.62356,-0.15451,-0.06707,kinematic,tablea2.dat:1257
molecular_cloud,-7.54850,1.57453,-0.01765,kinematic,tablea2.dat:1258
molecular_cloud,-2.82204,5.77015,0.00827,kinematic,tablea2.dat:1259
molecular_cloud,-7.50568,1.45238,0.02217,kinematic,tablea2.dat:1260
molecular_cloud,-5.37474,3.37496,0.01590,kinematic,tablea2.dat:1261
molecular_cloud,-10.66466,-1.71479,-0.07660,kinematic,tablea2.dat:1262
molecular_cloud,-7.78779,0.83178,0.00000,kinematic,tablea2.dat:1263
molecular_cloud,-2.41485,5.97816,-0.00731,kinematic,tablea2.dat:1264
molecular_cloud,-9.71107,-1.07787,-0.02356,kinematic,tablea2.dat:1265
molecular_cloud,-3.25198,5.13206,0.01981,kinematic,tablea2.dat:1266
molecular_cloud,-8.88375,-0.67727,-0.06613,kinematic,tablea2.dat:1267
molecular_cloud,-7.82010,0.08809,-0.07917,kinematic,tablea2.dat:1268
molecular_cloud,-2.19299,5.99714,0.00555,kinematic,tablea2.dat:1269
molecular_cloud,-7.17081,0.64380,0.04577,kinematic,tablea2.dat:1270
molecular_cloud,-7.33552,0.22422,0.00000,kinematic,tablea2.dat:1271
molecular_cloud,-9.75579,-2.53490,-0.07634,kinematic,tablea2.dat:1272
molecular_cloud,-1.92436,6.14394,-0.01891,kinematic,tablea2.dat:1273
molecular_cloud,-7.20121,-0.09438,-0.02413,kinematic,tablea2.dat:1274
molecular_cloud,-7.69517,-0.78990,-0.07795,kinematic,tablea2.dat:1275
molecular_cloud,-7.69137,-0.98901,0.02631,kinematic,tablea2.dat:1276
molecular_cloud,-2.75854,4.92372,-0.02854,kinematic,tablea2.dat:1277
molecular_cloud,-2.29670,5.48898,-0.01584,kinematic,tablea2.dat:1278
molecular_cloud,-9.38816,-3.08875,-0.12880,kinematic,tablea2.dat:1279
molecular_cloud,-1.36441,6.56147,0.00000,kinematic,tablea2.dat:1280
molecular_cloud,-2.17936,5.49797,0.03872,kinematic,tablea2.dat:1281
molecular_cloud,-2.45067,4.98811,0.00000,kinematic,tablea2.dat:1282
molecular_cloud,-1.77247,5.90465,0.03251,kinematic,tablea2.dat:1283
molecular_cloud,-1.98678,5.59037,-0.01466,kinematic,tablea2.dat:1284
molecular_cloud,-1.57247,6.05428,0.21576,kinematic,tablea2.dat:1285
molecular_cloud,-1.52673,6.11961,0.20949,kinematic,tablea2.dat:1286
molecular_cloud,-9.11415,-4.86251,-0.02794,kinematic,tablea2.dat:1287
molecular_cloud,-1.53473,5.97024,0.03043,kinematic,tablea2.dat:1288
molecular_cloud,-1.64450,5.74334,-0.02653,kinematic,tablea2.dat:1289
molecular_cloud,-2.07732,5.07044,-0.01676,kinematic,tablea2.dat:1290
molecular_cloud,-2.26781,4.70573,-0.02782,kinematic,tablea2.dat:1291
molecular_cloud,-1.55753,5.78305,-0.02583,kinematic,tablea2.dat:1292
molecular_cloud,-2.82571,3.73371,0.03515,kinematic,tablea2.dat:1293
molecular_cloud,-8.87724,-6.18633,-0.02965,kinematic,tablea2.dat:1294
molecular_cloud,-2.88281,3.40596,0.01239,kinematic,tablea2.dat:1295
molecular_cloud,-2.39041,4.24188,0.04110,kinematic,tablea2.dat:1296
molecular_cloud,-2.47962,4.00517,0.08656,kinematic,tablea2.dat:1297
molecular_cloud,-1.91221,4.83246,-0.03456,kinematic,tablea2.dat:1298
molecular_cloud,-1.45836,5.65546,0.00000,kinematic,tablea2.dat:1299
molecular_cloud,-2.47168,3.74774,-0.01130,kinematic,tablea2.dat:1300
molecular_cloud,-1.45265,5.44902,0.04189,kinematic,tablea2.dat:1301
molecular_cloud,-1.48979,5.34430,-0.02166,kinematic,tablea2.dat:1302
molecular_cloud,-2.21233,3.83840,-0.01086,kinematic,tablea2.dat:1303
molecular_cloud,-2.50543,3.19143,-0.03724,kinematic,tablea2.dat:1304
molecular_cloud,-4.81777,-1.63284,0.09634,kinematic,tablea2.dat:1305
molecular_cloud,-1.24251,5.72401,-0.00624,kinematic,tablea2.dat:1306
molecular_cloud,-7.61348,-8.40625,-0.16022,kinematic,tablea2.dat:1307
molecular_cloud,-1.35021,5.26738,-0.05070,kinematic,tablea2.dat:1308
molecular_cloud,-4.23371,-1.61381,0.02352,kinematic,tablea2.dat:1309
molecular_cloud,-1.19931,5.47459,-0.06028,kinematic,tablea2.dat:1310
molecular_cloud,-2.33960,2.72068,0.00000,kinematic,tablea2.dat:1311
molecular_cloud,-4.40747,-2.47329,0.00000,kinematic,tablea2.dat:1312
molecular_cloud,-1.96668,3.43230,-0.01145,kinematic,tablea2.dat:1313
molecular_cloud,-2.17484,2.84872,-0.10245,kinematic,tablea2.dat:1314
molecular_cloud,-2.23420,2.59167,-0.01337,kinematic,tablea2.dat:1315
molecular_cloud,-1.20728,5.17532,-0.03654,kinematic,tablea2.dat:1316
molecular_cloud,-1.44414,4.53789,0.04396,kinematic,tablea2.dat:1317
molecular_cloud,-3.56687,-1.05294,0.00000,kinematic,tablea2.dat:1318
molecular_cloud,-3.83051,-1.74427,0.04691,kinematic,tablea2.dat:1319
molecular_cloud,-2.05921,2.79238,0.01283,kinematic,tablea2.dat:1320
molecular_cloud,-0.89277,5.88004,-0.05628,kinematic,tablea2.dat:1321
molecular_cloud,-2.10184,2.44589,0.00000,kinematic,tablea2.dat:1322
molecular_cloud,-1.10832,5.19176,-0.02160,kinematic,tablea2.dat:1323
molecular_cloud,-1.73826,3.35705,-0.05716,kinematic,tablea2.dat:1324
molecular_cloud,-0.83399,5.91182,-0.04415,kinematic,tablea2.dat:1325
molecular_cloud,-1.81993,3.01455,0.00000,kinematic,tablea2.dat:1326
molecular_cloud,-2.04661,2.18333,-0.01407,kinematic,tablea2.dat:1327
molecular_cloud,-1.97681,2.39194,0.00000,kinematic,tablea2.dat:1328
molecular_cloud,-0.76119,5.93980,0.02164,kinematic,tablea2.dat:1329
molecular_cloud,-1.91148,2.32854,0.02736,kinematic,tablea2.dat:1330
molecular_cloud,-3.71488,-3.57234,0.02714,kinematic,tablea2.dat:1331
molecular_cloud,-1.48567,3.51535,0.00000,kinematic,tablea2.dat:1332
molecular_cloud,-1.79258,2.34392,0.01357,kinematic,tablea2.dat:1333
molecular_cloud,-0.71116,5.79931,-0.02836,kinematic,tablea2.dat:1334
molecular_cloud,-1.27205,3.71313,0.01038,kinematic,tablea2.dat:1335
molecular_cloud,-3.28168,-3.53335,0.02679,kinematic,tablea2.dat:1336
molecular_cloud,-1.39502,3.09371,-0.02352,kinematic,tablea2.dat:1337
molecular_cloud,-2.67490,-1.77071,-0.04547,kinematic,tablea2.dat:1338
molecular_cloud,-1.37854,3.10997,0.01172,kinematic,tablea2.dat:1339
molecular_cloud,-1.36446,3.11742,-0.09354,kinematic,tablea2.dat:1340
molecular_cloud,-0.61354,5.96962,-0.03155,kinematic,tablea2.dat:1341
molecular_cloud,-2.72128,-2.03615,0.18657,kinematic,tablea2.dat:1342
molecular_cloud,-0.83705,4.97370,0.00000,kinematic,tablea2.dat:1343
molecular_cloud,-2.61518,-2.18890,0.00000,kinematic,tablea2.dat:1344
molecular_cloud,-1.27096,3.15466,-0.01156,kinematic,tablea2.dat:1345
molecular_cloud,-1.06668,3.85695,0.07976,kinematic,tablea2.dat:1346
molecular_cloud,-1.43517,2.08358,0.02784,kinematic,tablea2.dat:1347
molecular_cloud,-2.45195,-2.53605,0.00000,kinematic,tablea2.dat:1348
methanol_maser,0.48556,3.36383,-0.00710,kinematic,tablea3.dat:17
methanol_maser,0.34925,4.75722,-0.01827,kinematic,tablea3.dat:18
methanol_maser,1.25480,-4.36767,0.09243,kinematic,tablea3.dat:19
methanol_maser,2.46608,-16.50772,-0.01175,kinematic,tablea3.dat:20
methanol_maser,0.13124,7.02678,-0.00878,photometric_or_trigonometric,tablea3.dat:21
methanol_maser,0.18811,6.47975,-0.01373,kinematic,tablea3.dat:22
methanol_maser,0.53580,3.35906,-0.03105,kinematic,tablea3.dat:23
methanol_maser,1.53623,-5.10222,-0.02543,kinematic,tablea3.dat:25
methanol_maser,2.01876,-8.42861,0.02735,kinematic,tablea3.dat:29
methanol_maser,1.43082,-3.08038,0.02622,kinematic,tablea3.dat:30
methanol_maser,0.47852,4.95407,0.01333,kinematic,tablea3.dat:33
methanol_maser,1.64756,-2.97019,-0.01908,kinematic,tablea3.dat:34
methanol_maser,0.68127,3.83172,-0.02808,kinematic,tablea3.dat:35
methanol_maser,0.70500,3.68362,-0.02999,kinematic,tablea3.dat:36
methanol_maser,0.77537,3.30988,-0.00247,kinematic,tablea3.dat:37
methanol_maser,0.55828,4.72344,-0.03115,kinematic,tablea3.dat:38
methanol_maser,0.86907,3.17317,0.01779,photometric_or_trigonometric,tablea3.dat:40
methanol_maser,0.86889,3.17314,0.01752,photometric_or_trigonometric,tablea3.dat:41
methanol_maser,2.02367,-3.19320,-0.00570,kinematic,tablea3.dat:42
methanol_maser,0.60237,4.95385,-0.02047,photometric_or_trigonometric,tablea3.dat:43
methanol_maser,0.60717,4.95466,-0.00742,photometric_or_trigonometric,tablea3.dat:44
methanol_maser,0.60787,4.95479,-0.00866,photometric_or_trigonometric,tablea3.dat:45
methanol_maser,0.60909,4.95504,-0.01537,photometric_or_trigonometric,tablea3.dat:46
methanol_maser,0.60927,4.95505,-0.00949,photometric_or_trigonometric,tablea3.dat:47
methanol_maser,0.61038,4.95525,-0.00843,photometric_or_trigonometric,tablea3.dat:48
methanol_maser,1.94507,-2.25223,-0.00337,kinematic,tablea3.dat:50
methanol_maser,1.98295,-2.42828,0.00514,kinematic,tablea3.dat:51
methanol_maser,2.02082,-2.62467,0.00640,kinematic,tablea3.dat:52
methanol_maser,0.62700,4.95839,-0.02279,photometric_or_trigonometric,tablea3.dat:53
methanol_maser,0.94436,3.26793,-0.02976,kinematic,tablea3.dat:54
methanol_maser,0.95456,3.25968,-0.02990,kinematic,tablea3.dat:55
methanol_maser,0.50613,5.66823,0.00575,kinematic,tablea3.dat:57
methanol_maser,2.49207,-4.57096,0.00503,kinematic,tablea3.dat:58
methanol_maser,0.50527,5.70881,0.00286,kinematic,tablea3.dat:59
methanol_maser,2.47203,-4.28957,-0.02553,kinematic,tablea3.dat:60
methanol_maser,0.36662,6.49752,-0.04768,kinematic,tablea3.dat:61
methanol_maser,2.58025,-3.94099,-0.02227,kinematic,tablea3.dat:62
methanol_maser,0.86015,4.21969,-0.01026,kinematic,tablea3.dat:63
methanol_maser,2.44046,-3.24484,-0.03089,kinematic,tablea3.dat:64
methanol_maser,0.80655,4.48454,-0.04193,kinematic,tablea3.dat:65
methanol_maser,2.36238,-2.82174,-0.05398,kinematic,tablea3.dat:66
methanol_maser,2.30214,-2.50753,-0.00598,kinematic,tablea3.dat:67
methanol_maser,0.89594,4.12506,-0.00939,kinematic,tablea3.dat:68
methanol_maser,2.45540,-3.05761,-0.00669,kinematic,tablea3.dat:70
methanol_maser,2.76034,-4.46493,-0.02735,kinematic,tablea3.dat:71
methanol_maser,2.37288,-2.61505,-0.00994,kinematic,tablea3.dat:74
methanol_maser,2.64163,-3.59009,0.00340,kinematic,tablea3.dat:75
methanol_maser,0.64915,5.40181,-0.00088,kinematic,tablea3.dat:76
methanol_maser,2.81953,-4.13431,0.02848,kinematic,tablea3.dat:78
methanol_maser,0.53533,5.96056,0.02048,photometric_or_trigonometric,tablea3.dat:79
methanol_maser,0.88020,4.45962,-0.01788,kinematic,tablea3.dat:81
methanol_maser,0.96897,4.16194,0.00452,kinematic,tablea3.dat:82
methanol_maser,2.80718,-3.25320,-0.12430,kinematic,tablea3.dat:83
methanol_maser,2.56658,-2.23173,-0.02951,kinematic,tablea3.dat:84
methanol_maser,0.99564,4.21972,-0.00608,kinematic,tablea3.dat:85
methanol_maser,1.29612,3.14031,0.00808,kinematic,tablea3.dat:86
methanol_maser,0.27723,7.21492,-0.01249,photometric_or_trigonometric,tablea3.dat:88
methanol_maser,3.27799,-4.47618,-0.00460,kinematic,tablea3.dat:89
methanol_maser,0.93869,4.65907,-0.00938,kinematic,tablea3.dat:90
methanol_maser,0.64304,5.81175,0.00063,kinematic,tablea3.dat:91
methanol_maser,1.34143,3.12092,0.01447,kinematic,tablea3.dat:92
methanol_maser,0.76650,5.35822,0.00090,kinematic,tablea3.dat:93
methanol_maser,3.36184,-4.57774,-0.13404,kinematic,tablea3.dat:94
methanol_maser,3.08589,-3.22395,-0.02519,kinematic,tablea3.dat:95
methanol_maser,0.51356,6.38790,-0.02339,photometric_or_trigonometric,tablea3.dat:96
methanol_maser,3.47637,-4.58935,0.04474,kinematic,tablea3.dat:97
methanol_maser,3.03202,-2.55436,-0.05016,kinematic,tablea3.dat:98
methanol_maser,4.36863,-7.27843,-0.14091,kinematic,tablea3.dat:99
methanol_maser,0.89359,5.20652,-0.01703,kinematic,tablea3.dat:100
methanol_maser,1.12560,4.45124,-0.01372,kinematic,tablea3.dat:101
methanol_maser,3.51576,-3.64322,-0.03933,kinematic,tablea3.dat:102
methanol_maser,1.29018,3.96805,-0.00402,kinematic,tablea3.dat:103
methanol_maser,3.51233,-3.43546,-0.07077,kinematic,tablea3.dat:104
methanol_maser,3.29507,-2.59250,0.01569,kinematic,tablea3.dat:105
methanol_maser,3.88510,-4.52355,0.14991,kinematic,tablea3.dat:106
methanol_maser,4.32993,-5.88381,-0.00129,kinematic,tablea3.dat:107
methanol_maser,3.03691,-1.61534,-0.01285,kinematic,tablea3.dat:108
methanol_maser,0.66963,6.19390,0.00606,kinematic,tablea3.dat:109
methanol_maser,2.99364,-0.98954,0.01261,kinematic,tablea3.dat:110
methanol_maser,3.62454,-2.75076,0.01908,kinematic,tablea3.dat:112
methanol_maser,1.52920,3.66583,-0.02078,kinematic,tablea3.dat:113
methanol_maser,3.61860,-2.55261,0.00898,kinematic,tablea3.dat:114
methanol_maser,1.18424,4.75244,-0.00026,kinematic,tablea3.dat:115
methanol_maser,3.44606,-1.90380,0.00639,kinematic,tablea3.dat:116
methanol_maser,3.45673,-1.93186,0.00471,kinematic,tablea3.dat:117
methanol_maser,3.88599,-3.15892,-0.04731,kinematic,tablea3.dat:118
methanol_maser,4.03413,-3.59441,-0.04976,kinematic,tablea3.dat:119
methanol_maser,4.03389,-3.49951,0.01154,kinematic,tablea3.dat:121
methanol_maser,1.29807,4.50606,-0.03324,kinematic,tablea3.dat:122
methanol_maser,1.46497,4.04518,-0.01877,kinematic,tablea3.dat:123
methanol_maser,3.76854,-2.63906,-0.00586,kinematic,tablea3.dat:124
methanol_maser,4.57253,-4.79445,0.06463,kinematic,tablea3.dat:125
methanol_maser,4.62280,-4.92507,0.08534,kinematic,tablea3.dat:126
methanol_maser,0.82896,5.94144,-0.00131,kinematic,tablea3.dat:127
methanol_maser,0.67336,6.39554,0.00599,kinematic,tablea3.dat:128
methanol_maser,0.55335,6.73495,0.00493,kinematic,tablea3.dat:129
methanol_maser,0.75054,6.17888,0.00593,kinematic,tablea3.dat:130
methanol_maser,3.14050,-0.57046,0.01889,kinematic,tablea3.dat:131
methanol_maser,3.95393,-2.79658,-0.02467,kinematic,tablea3.dat:133
methanol_maser,3.92372,-2.71180,-0.02734,kinematic,tablea3.dat:134
methanol_maser,4.29673,-3.75729,0.00246,kinematic,tablea3.dat:135
methanol_maser,4.69490,-4.83619,0.02849,kinematic,tablea3.dat:136
methanol_maser,4.11272,-3.18574,-0.05685,kinematic,tablea3.dat:137
methanol_maser,3.18394,-0.56558,-0.02104,kinematic,tablea3.dat:138
methanol_maser,1.21416,4.94298,-0.03327,kinematic,tablea3.dat:139
methanol_maser,4.18884,-3.15831,-0.02875,kinematic,tablea3.dat:140
methanol_maser,1.58078,4.01211,0.00518,kinematic,tablea3.dat:141
methanol_maser,3.78126,-1.34518,-0.04593,kinematic,tablea3.dat:142
methanol_maser,3.45457,-0.44219,-0.00541,kinematic,tablea3.dat:143
methanol_maser,0.72669,6.49047,0.00048,kinematic,tablea3.dat:144
methanol_maser,1.34703,4.97233,0.01391,kinematic,tablea3.dat:145
methanol_maser,1.01085,5.83957,-0.00720,kinematic,tablea3.dat:146
methanol_maser,1.85616,3.78679,0.00562,kinematic,tablea3.dat:147
methanol_maser,4.86964,-3.49418,-0.03764,kinematic,tablea3.dat:148
methanol_maser,1.79415,4.07530,-0.03293,photometric_or_trigonometric,tablea3.dat:149
methanol_maser,4.12943,-1.33190,-0.06914,kinematic,tablea3.dat:150
methanol_maser,1.60310,4.56994,-0.01708,kinematic,tablea3.dat:151
methanol_maser,2.33870,2.90514,-0.01888,photometric_or_trigonometric,tablea3.dat:153
methanol_maser,2.33898,2.90526,-0.01868,photometric_or_trigonometric,tablea3.dat:154
methanol_maser,1.28053,5.37830,-0.00651,photometric_or_trigonometric,tablea3.dat:156
methanol_maser,4.25360,-1.38721,-0.03656,kinematic,tablea3.dat:157
methanol_maser,4.85034,-2.65419,0.01401,kinematic,tablea3.dat:158
methanol_maser,4.42769,-1.66018,-0.01902,kinematic,tablea3.dat:159
methanol_maser,5.51956,-4.02008,-0.00401,kinematic,tablea3.dat:160
methanol_maser,3.69953,0.11750,0.02257,kinematic,tablea3.dat:161
methanol_maser,3.73953,0.09169,-0.00614,kinematic,tablea3.dat:162
methanol_maser,2.41238,3.01459,0.03214,kinematic,tablea3.dat:163
methanol_maser,5.04325,-2.69867,-0.07032,kinematic,tablea3.dat:164
methanol_maser,2.55471,2.72774,0.01712,kinematic,tablea3.dat:165
methanol_maser,2.55831,2.72939,-0.01605,kinematic,tablea3.dat:166
methanol_maser,2.50737,2.87106,0.00866,kinematic,tablea3.dat:167
methanol_maser,1.37849,5.33476,0.00382,kinematic,tablea3.dat:169
methanol_maser,1.29153,5.55909,0.01534,kinematic,tablea3.dat:170
methanol_maser,4.73776,-1.73776,-0.08388,kinematic,tablea3.dat:171
methanol_maser,1.14386,5.88745,-0.00853,photometric_or_trigonometric,tablea3.dat:172
methanol_maser,1.14454,5.88777,-0.00853,photometric_or_trigonometric,tablea3.dat:173
methanol_maser,2.29051,3.47620,0.00932,kinematic,tablea3.dat:174
methanol_maser,5.20225,-2.53367,0.22027,kinematic,tablea3.dat:175
methanol_maser,4.16030,-0.34060,0.00736,kinematic,tablea3.dat:176
methanol_maser,2.36416,3.41168,-0.00379,kinematic,tablea3.dat:177
methanol_maser,2.31324,3.52038,-0.01650,kinematic,tablea3.dat:178
methanol_maser,2.69263,2.75968,-0.01505,kinematic,tablea3.dat:179
methanol_maser,3.97359,0.34761,-0.04655,kinematic,tablea3.dat:180
methanol_maser,3.96712,0.37785,-0.03356,kinematic,tablea3.dat:181
methanol_maser,0.86865,6.56534,-0.00068,kinematic,tablea3.dat:182
methanol_maser,4.00994,0.30976,0.00265,kinematic,tablea3.dat:183
methanol_maser,6.29781,-3.94528,0.06008,kinematic,tablea3.dat:185
methanol_maser,5.69313,-2.73828,0.03252,kinematic,tablea3.dat:186
methanol_maser,3.67749,1.19539,-0.02332,photometric_or_trigonometric,tablea3.dat:187
methanol_maser,2.24398,4.00035,0.00677,kinematic,tablea3.dat:188
methanol_maser,4.28364,0.16951,-0.04010,kinematic,tablea3.dat:189
methanol_maser,2.88997,2.81474,0.00541,kinematic,tablea3.dat:190
methanol_maser,6.06240,-3.16584,-0.05274,kinematic,tablea3.dat:191
methanol_maser,0.80792,6.78161,-0.01300,kinematic,tablea3.dat:192
methanol_maser,2.67483,3.30058,-0.00040,kinematic,tablea3.dat:193
methanol_maser,4.34761,0.19209,-0.00787,kinematic,tablea3.dat:194
methanol_maser,1.57932,5.35706,0.02099,kinematic,tablea3.dat:195
methanol_maser,5.54349,-2.00312,-0.07331,kinematic,tablea3.dat:196
methanol_maser,4.67990,-0.38970,-0.06667,kinematic,tablea3.dat:197
methanol_maser,2.13548,4.35034,0.00596,kinematic,tablea3.dat:198
methanol_maser,0.97918,6.49898,0.00451,kinematic,tablea3.dat:199
methanol_maser,4.46322,0.18681,0.05802,kinematic,tablea3.dat:201
methanol_maser,2.40637,3.92862,-0.02203,kinematic,tablea3.dat:202
methanol_maser,2.36773,3.99881,0.04216,kinematic,tablea3.dat:203
methanol_maser,2.82253,3.17601,-0.02328,kinematic,tablea3.dat:204
methanol_maser,2.82271,3.17611,-0.02379,kinematic,tablea3.dat:205
methanol_maser,5.57681,-1.63127,-0.03459,kinematic,tablea3.dat:206
methanol_maser,4.30427,0.83155,-0.00241,kinematic,tablea3.dat:207
methanol_maser,4.24730,0.93723,-0.00697,kinematic,tablea3.dat:208
methanol_maser,3.31982,2.59575,-0.02004,kinematic,tablea3.dat:209
methanol_maser,3.32654,2.58810,-0.02007,kinematic,tablea3.dat:210
methanol_maser,5.75436,-1.54109,0.01512,kinematic,tablea3.dat:211
methanol_maser,3.04802,3.10872,-0.02438,kinematic,tablea3.dat:212
methanol_maser,0.39493,7.62740,0.00626,kinematic,tablea3.dat:213
methanol_maser,5.50185,-1.02837,0.00170,kinematic,tablea3.dat:214
methanol_maser,3.63781,2.14463,-0.01760,kinematic,tablea3.dat:215
methanol_maser,1.54199,5.69171,-0.00222,kinematic,tablea3.dat:216
methanol_maser,2.70042,3.76281,-0.00479,kinematic,tablea3.dat:218
methanol_maser,4.79613,0.25059,0.03336,kinematic,tablea3.dat:220
methanol_maser,2.67939,3.80848,-0.00520,photometric_or_trigonometric,tablea3.dat:221
methanol_maser,2.67924,3.80839,-0.00529,photometric_or_trigonometric,tablea3.dat:222
methanol_maser,2.67924,3.80839,-0.00529,photometric_or_trigonometric,tablea3.dat:223
methanol_maser,3.21226,2.91545,0.02987,kinematic,tablea3.dat:224
methanol_maser,3.20943,2.93700,0.01767,kinematic,tablea3.dat:225
methanol_maser,2.35139,4.38136,-0.01125,kinematic,tablea3.dat:226
methanol_maser,3.66491,2.19573,0.02734,kinematic,tablea3.dat:227
methanol_maser,4.86878,0.21266,0.05915,kinematic,tablea3.dat:228
methanol_maser,1.03760,6.57860,0.01614,kinematic,tablea3.dat:230
methanol_maser,1.61013,5.63926,-0.00814,kinematic,tablea3.dat:232
methanol_maser,3.68148,2.24073,0.00767,kinematic,tablea3.dat:233
methanol_maser,3.43970,2.66731,0.03536,photometric_or_trigonometric,tablea3.dat:234
methanol_maser,3.03765,3.35909,0.00769,kinematic,tablea3.dat:235
methanol_maser,3.82074,2.19739,0.00741,photometric_or_trigonometric,tablea3.dat:236
methanol_maser,4.44459,1.21939,0.01459,kinematic,tablea3.dat:237
methanol_maser,2.95254,3.60055,0.01259,kinematic,tablea3.dat:238
methanol_maser,1.34140,6.21408,-0.00325,kinematic,tablea3.dat:239
methanol_maser,6.44664,-1.70246,0.04008,kinematic,tablea3.dat:240
methanol_maser,2.03792,5.14018,-0.00525,kinematic,tablea3.dat:241
methanol_maser,4.58029,1.24670,0.00484,kinematic,tablea3.dat:242
methanol_maser,2.69156,4.16958,0.00516,kinematic,tablea3.dat:243
methanol_maser,3.57150,2.82132,-0.00765,kinematic,tablea3.dat:244
methanol_maser,2.50882,4.45632,-0.00665,kinematic,tablea3.dat:245
methanol_maser,3.81483,2.51450,0.00206,kinematic,tablea3.dat:246
methanol_maser,5.53313,-0.01763,-0.04063,kinematic,tablea3.dat:249
methanol_maser,3.82896,2.54785,-0.00241,kinematic,tablea3.dat:250
methanol_maser,5.73093,-0.28245,-0.02107,kinematic,tablea3.dat:251
methanol_maser,5.45007,0.17934,0.00563,kinematic,tablea3.dat:252
methanol_maser,2.10164,5.18220,-0.00112,kinematic,tablea3.dat:253
methanol_maser,2.01830,5.31898,0.00107,kinematic,tablea3.dat:254
methanol_maser,2.15211,5.13207,-0.03944,kinematic,tablea3.dat:255
methanol_maser,2.13302,5.16724,0.01058,kinematic,tablea3.dat:256
methanol_maser,1.92527,5.47342,-0.01253,kinematic,tablea3.dat:257
methanol_maser,0.88134,7.01283,0.00588,photometric_or_trigonometric,tablea3.dat:258
methanol_maser,5.87347,-0.16121,-0.01798,kinematic,tablea3.dat:260
methanol_maser,2.71434,4.38977,0.00141,kinematic,tablea3.dat:261
methanol_maser,2.17531,5.17213,0.02327,kinematic,tablea3.dat:263
methanol_maser,1.75042,5.80237,0.01858,kinematic,tablea3.dat:264
methanol_maser,1.38102,6.33740,-0.03142,kinematic,tablea3.dat:265
methanol_maser,1.26228,6.51061,-0.02867,photometric_or_trigonometric,tablea3.dat:266
methanol_maser,1.88406,5.62917,-0.09929,photometric_or_trigonometric,tablea3.dat:267
methanol_maser,2.63176,4.57615,-0.01990,kinematic,tablea3.dat:268
methanol_maser,3.92077,2.78090,0.00236,kinematic,tablea3.dat:269
methanol_maser,4.46046,2.02352,0.00269,kinematic,tablea3.dat:270
methanol_maser,2.69182,4.52063,0.01053,kinematic,tablea3.dat:271
methanol_maser,3.92646,2.80951,-0.00353,kinematic,tablea3.dat:272
methanol_maser,6.07484,-0.19057,0.01221,kinematic,tablea3.dat:273
methanol_maser,2.25793,5.16931,-0.01213,kinematic,tablea3.dat:274
methanol_maser,3.94591,2.87291,-0.02342,kinematic,tablea3.dat:275
methanol_maser,5.08696,1.32914,0.08284,kinematic,tablea3.dat:276
methanol_maser,5.20673,1.24293,-0.02449,kinematic,tablea3.dat:277
methanol_maser,4.96638,1.62494,-0.03151,kinematic,tablea3.dat:278
methanol_maser,5.71926,0.62702,0.01670,kinematic,tablea3.dat:279
methanol_maser,2.42887,5.05916,-0.00141,kinematic,tablea3.dat:280
methanol_maser,4.59310,2.18257,-0.05474,kinematic,tablea3.dat:281
methanol_maser,9.74526,-4.66533,0.13588,kinematic,tablea3.dat:282
methanol_maser,3.16194,4.10898,-0.00302,kinematic,tablea3.dat:283
methanol_maser,6.67911,-0.50260,-0.07907,kinematic,tablea3.dat:284
methanol_maser,5.91380,0.54826,-0.01021,kinematic,tablea3.dat:285
methanol_maser,5.28175,1.38676,-0.01367,kinematic,tablea3.dat:286
methanol_maser,2.37325,5.20522,-0.00681,kinematic,tablea3.dat:287
methanol_maser,5.97264,0.53036,-0.01710,kinematic,tablea3.dat:288
methanol_maser,3.66279,3.53517,0.02098,kinematic,tablea3.dat:289
methanol_maser,4.01464,3.08688,0.04973,kinematic,tablea3.dat:290
methanol_maser,5.97906,0.57320,-0.01705,kinematic,tablea3.dat:291
methanol_maser,5.80379,0.80430,-0.03028,kinematic,tablea3.dat:292
methanol_maser,5.25515,1.51777,-0.03294,kinematic,tablea3.dat:293
methanol_maser,2.77645,4.72062,-0.01716,kinematic,tablea3.dat:294
methanol_maser,2.11727,5.57633,-0.03613,kinematic,tablea3.dat:295
methanol_maser,2.31656,5.33845,-0.01969,kinematic,tablea3.dat:296
methanol_maser,2.72605,4.82083,-0.02083,kinematic,tablea3.dat:297
methanol_maser,3.01842,4.45281,-0.01989,kinematic,tablea3.dat:298
methanol_maser,4.55767,2.50824,-0.00862,kinematic,tablea3.dat:299
methanol_maser,5.22709,1.67352,-0.02946,kinematic,tablea3.dat:300
methanol_maser,0.71223,7.39710,-0.00167,kinematic,tablea3.dat:301
methanol_maser,1.26536,6.71264,0.00531,kinematic,tablea3.dat:302
methanol_maser,2.59532,5.04890,-0.01576,kinematic,tablea3.dat:303
methanol_maser,9.58701,-3.68796,0.02224,kinematic,tablea3.dat:304
methanol_maser,1.46995,6.47938,-0.01429,kinematic,tablea3.dat:305
methanol_maser,2.57065,5.17044,-0.00940,kinematic,tablea3.dat:307
methanol_maser,6.04773,0.97395,-0.06301,kinematic,tablea3.dat:308
methanol_maser,3.22592,4.45413,-0.05607,kinematic,tablea3.dat:309
methanol_maser,3.51728,4.15007,-0.02060,kinematic,tablea3.dat:310
methanol_maser,7.45664,-0.45378,0.14050,kinematic,tablea3.dat:311
methanol_maser,1.47143,6.58464,-0.00544,kinematic,tablea3.dat:312
methanol_maser,1.79518,6.23000,-0.00158,kinematic,tablea3.dat:313
methanol_maser,5.20116,2.32729,-0.03318,kinematic,tablea3.dat:314
methanol_maser,5.58577,1.89307,-0.01973,kinematic,tablea3.dat:315
methanol_maser,5.34677,2.17563,-0.03065,kinematic,tablea3.dat:316
methanol_maser,2.72315,5.18169,-0.01373,kinematic,tablea3.dat:317
methanol_maser,6.49914,0.85855,-0.01724,kinematic,tablea3.dat:318
methanol_maser,2.88309,5.00273,-0.01399,kinematic,tablea3.dat:319
methanol_maser,5.56296,1.95286,-0.02946,kinematic,tablea3.dat:320
methanol_maser,7.17639,0.12266,0.07026,kinematic,tablea3.dat:321
methanol_maser,7.59093,-0.32538,-0.02667,kinematic,tablea3.dat:322
methanol_maser,7.54587,-0.20510,0.00794,kinematic,tablea3.dat:323
methanol_maser,1.05456,7.12344,-0.00276,kinematic,tablea3.dat:324
methanol_maser,7.49232,-0.01143,0.03574,kinematic,tablea3.dat:325
methanol_maser,6.82425,0.80024,-0.05309,kinematic,tablea3.dat:326
methanol_maser,3.44107,4.53590,-0.02377,photometric_or_trigonometric,tablea3.dat:327
methanol_maser,10.69454,-3.28956,-0.04129,kinematic,tablea3.dat:328
methanol_maser,2.83968,5.26014,-0.03267,kinematic,tablea3.dat:329
methanol_maser,7.60242,0.17105,-0.01612,kinematic,tablea3.dat:330
methanol_maser,7.42713,0.37679,0.00246,kinematic,tablea3.dat:332
methanol_maser,8.14111,-0.37942,-0.00083,kinematic,tablea3.dat:333
methanol_maser,7.43619,0.37157,0.00247,kinematic,tablea3.dat:334
methanol_maser,6.20114,1.83261,-0.01986,kinematic,tablea3.dat:336
methanol_maser,5.72696,2.34880,-0.11288,photometric_or_trigonometric,tablea3.dat:337
methanol_maser,2.92725,5.30212,0.00366,kinematic,tablea3.dat:338
methanol_maser,2.57829,5.68846,-0.03414,kinematic,tablea3.dat:339
methanol_maser,5.48647,2.82635,0.01799,photometric_or_trigonometric,tablea3.dat:340
methanol_maser,5.58660,2.79951,0.00944,kinematic,tablea3.dat:341
methanol_maser,5.02557,3.35570,0.00652,kinematic,tablea3.dat:342
methanol_maser,4.14918,4.21876,0.01361,kinematic,tablea3.dat:343
methanol_maser,5.12051,3.26686,0.01579,kinematic,tablea3.dat:344
methanol_maser,7.81945,0.63461,-0.02293,kinematic,tablea3.dat:345
methanol_maser,4.15083,4.26349,-0.03537,kinematic,tablea3.dat:346
methanol_maser,3.75382,4.65849,-0.03377,kinematic,tablea3.dat:347
methanol_maser,1.37548,6.97482,0.00723,kinematic,tablea3.dat:348
methanol_maser,4.65599,3.82211,0.04318,kinematic,tablea3.dat:349
methanol_maser,5.97364,2.59545,-0.03604,kinematic,tablea3.dat:350
methanol_maser,4.14212,4.44282,0.02470,kinematic,tablea3.dat:351
methanol_maser,4.11381,4.71003,-0.01620,kinematic,tablea3.dat:352
methanol_maser,4.11441,4.71077,-0.02668,kinematic,tablea3.dat:353
methanol_maser,4.11311,4.72453,-0.02854,kinematic,tablea3.dat:354
methanol_maser,5.85230,3.22145,-0.14648,kinematic,tablea3.dat:355
methanol_maser,7.92592,1.47445,0.05769,kinematic,tablea3.dat:356
methanol_maser,4.10441,4.77575,0.03928,kinematic,tablea3.dat:357
methanol_maser,8.99937,0.59097,0.06887,kinematic,tablea3.dat:358
methanol_maser,3.95986,4.91437,-0.03374,photometric_or_trigonometric,tablea3.dat:359
methanol_maser,3.95992,4.91444,-0.03355,photometric_or_trigonometric,tablea3.dat:360
methanol_maser,3.96055,4.91521,-0.03655,photometric_or_trigonometric,tablea3.dat:361
methanol_maser,3.96098,4.91569,-0.03355,photometric_or_trigonometric,tablea3.dat:362
methanol_maser,3.96103,4.91576,-0.03528,photometric_or_trigonometric,tablea3.dat:363
methanol_maser,4.09698,4.81308,-0.02347,kinematic,tablea3.dat:364
methanol_maser,4.38090,4.57591,-0.03683,kinematic,tablea3.dat:365
methanol_maser,8.29218,1.35017,0.11009,kinematic,tablea3.dat:366
methanol_maser,6.24092,3.12181,0.09667,kinematic,tablea3.dat:367
methanol_maser,4.06746,4.98065,0.01374,kinematic,tablea3.dat:368
methanol_maser,3.69432,5.50935,0.03370,kinematic,tablea3.dat:370
methanol_maser,0.85510,7.65680,0.00187,kinematic,tablea3.dat:371
methanol_maser,1.79246,6.95662,0.00324,kinematic,tablea3.dat:372
methanol_maser,6.44188,3.55636,0.00461,kinematic,tablea3.dat:373
methanol_maser,2.88369,6.42444,-0.01381,kinematic,tablea3.dat:374
methanol_maser,3.67655,6.07051,0.04878,kinematic,tablea3.dat:375
methanol_maser,3.62365,6.17657,-0.01393,kinematic,tablea3.dat:376
methanol_maser,1.86645,7.21283,0.00226,photometric_or_trigonometric,tablea3.dat:377
methanol_maser,3.61172,6.19624,0.04596,kinematic,tablea3.dat:378
methanol_maser,3.60525,6.20506,0.04803,kinematic,tablea3.dat:379
methanol_maser,0.62702,7.94611,-0.00214,kinematic,tablea3.dat:380
methanol_maser,2.20115,7.47790,-0.03978,photometric_or_trigonometric,tablea3.dat:381
methanol_maser,7.25667,5.67599,0.23172,kinematic,tablea3.dat:382
methanol_maser,3.40209,7.43661,0.02083,photometric_or_trigonometric,tablea3.dat:385
methanol_maser,1.60152,7.96251,0.10412,photometric_or_trigonometric,tablea3.dat:386
methanol_maser,6.94959,6.90124,0.12126,kinematic,tablea3.dat:387
methanol_maser,3.26734,7.65838,0.04126,photometric_or_trigonometric,tablea3.dat:388
methanol_maser,1.33810,8.05803,0.02350,photometric_or_trigonometric,tablea3.dat:389
methanol_maser,1.44143,8.06809,0.00968,photometric_or_trigonometric,tablea3.dat:390
methanol_maser,2.48786,7.89928,0.01891,kinematic,tablea3.dat:391
methanol_maser,1.17765,8.12946,0.01225,kinematic,tablea3.dat:393
methanol_maser,1.48436,8.08451,0.01545,photometric_or_trigonometric,tablea3.dat:394
methanol_maser,1.28682,8.11617,0.01770,photometric_or_trigonometric,tablea3.dat:395
methanol_maser,5.02384,7.89667,0.00000,kinematic,tablea3.dat:396
methanol_maser,7.90631,8.42420,0.20706,kinematic,tablea3.dat:397
methanol_maser,3.93547,8.61526,-0.12338,photometric_or_trigonometric,tablea3.dat:398
methanol_maser,7.10732,9.23835,0.39730,kinematic,tablea3.dat:399
methanol_maser,6.14732,9.16614,0.15606,kinematic,tablea3.dat:400
methanol_maser,0.72818,8.53913,0.07393,photometric_or_trigonometric,tablea3.dat:402
methanol_maser,3.65464,9.54058,-0.06467,kinematic,tablea3.dat:403
methanol_maser,0.65793,8.53765,0.02565,photometric_or_trigonometric,tablea3.dat:404
methanol_maser,2.99169,9.46280,-0.04258,kinematic,tablea3.dat:406
methanol_maser,2.46488,9.27243,0.03515,photometric_or_trigonometric,tablea3.dat:407
methanol_maser,0.78622,8.77765,0.01044,photometric_or_trigonometric,tablea3.dat:408
methanol_maser,1.98282,9.59012,-0.26158,photometric_or_trigonometric,tablea3.dat:409
methanol_maser,1.40390,9.65289,0.03539,photometric_or_trigonometric,tablea3.dat:410
methanol_maser,2.56465,11.03490,0.07330,kinematic,tablea3.dat:411
methanol_maser,2.39905,19.64800,0.16581,photometric_or_trigonometric,tablea3.dat:412
methanol_maser,1.04667,17.47223,0.39015,kinematic,tablea3.dat:413
methanol_maser,1.09140,18.20165,0.40881,kinematic,tablea3.dat:415
methanol_maser,-0.30863,10.29596,0.03596,photometric_or_trigonometric,tablea3.dat:419
methanol_maser,-0.27365,10.03838,0.02721,photometric_or_trigonometric,tablea3.dat:420
methanol_maser,-0.34840,10.49228,0.03034,kinematic,tablea3.dat:421
methanol_maser,-1.15816,15.24247,-0.14940,kinematic,tablea3.dat:422
methanol_maser,-0.09001,8.82229,0.00319,kinematic,tablea3.dat:423
methanol_maser,-0.34685,9.85171,-0.00133,photometric_or_trigonometric,tablea3.dat:424
methanol_maser,-1.49490,13.36160,-0.15452,photometric_or_trigonometric,tablea3.dat:425
methanol_maser,-0.22191,8.82483,0.01462,kinematic,tablea3.dat:427
methanol_maser,-0.38161,9.06398,-0.25061,kinematic,tablea3.dat:428
methanol_maser,-0.19662,8.65478,-0.14273,photometric_or_trigonometric,tablea3.dat:429
methanol_maser,-2.59012,12.43542,-0.06303,kinematic,tablea3.dat:431
methanol_maser,-0.33577,8.80337,-0.13522,kinematic,tablea3.dat:432
methanol_maser,-1.33477,9.31977,0.02920,photometric_or_trigonometric,tablea3.dat:433
methanol_maser,-2.57749,8.99643,0.02102,kinematic,tablea3.dat:434
methanol_maser,-1.62857,8.49275,0.01471,kinematic,tablea3.dat:436
methanol_maser,-0.78538,8.38061,0.02782,kinematic,tablea3.dat:437
methanol_maser,-0.71619,8.37162,0.01846,kinematic,tablea3.dat:438
methanol_maser,-1.97940,8.32926,-0.03898,kinematic,tablea3.dat:439
methanol_maser,-6.50757,8.36179,-0.16666,kinematic,tablea3.dat:440
methanol_maser,-2.50934,8.31498,-0.05563,kinematic,tablea3.dat:441
methanol_maser,-0.04000,8.29982,0.00058,kinematic,tablea3.dat:442
methanol_maser,-2.69227,7.74197,-0.05298,kinematic,tablea3.dat:443
methanol_maser,-4.32069,7.19449,-0.03262,kinematic,tablea3.dat:444
methanol_maser,-5.08787,6.96579,-0.03314,kinematic,tablea3.dat:445
methanol_maser,-2.79672,7.53296,-0.00010,kinematic,tablea3.dat:446
methanol_maser,-5.04385,6.81714,-0.16834,kinematic,tablea3.dat:447
methanol_maser,-0.88753,8.02236,0.01045,kinematic,tablea3.dat:448
methanol_maser,-0.91317,7.94452,-0.01230,photometric_or_trigonometric,tablea3.dat:451
methanol_maser,-0.91315,7.94446,-0.01213,photometric_or_trigonometric,tablea3.dat:452
methanol_maser,-6.64868,5.67042,-0.05378,kinematic,tablea3.dat:453
methanol_maser,-6.16501,5.86134,-0.05034,kinematic,tablea3.dat:454
methanol_maser,-6.39471,5.76273,-0.06556,kinematic,tablea3.dat:455
methanol_maser,-8.10039,5.04711,-0.12341,kinematic,tablea3.dat:456
methanol_maser,-6.88446,5.45287,0.02184,kinematic,tablea3.dat:458
methanol_maser,-7.77816,4.88190,-0.25839,kinematic,tablea3.dat:459
methanol_maser,-8.79019,4.41812,-0.12512,kinematic,tablea3.dat:460
methanol_maser,-8.96487,4.31945,-0.14964,kinematic,tablea3.dat:461
methanol_maser,-8.04243,4.22108,-0.20543,kinematic,tablea3.dat:466
methanol_maser,-8.50431,3.89066,-0.10400,kinematic,tablea3.dat:467
methanol_maser,-8.47033,3.76262,-0.13334,kinematic,tablea3.dat:468
methanol_maser,-9.21715,3.35512,-0.06262,kinematic,tablea3.dat:469
methanol_maser,-3.46122,6.43928,0.05069,kinematic,tablea3.dat:470
methanol_maser,-9.70734,3.00035,-0.06988,kinematic,tablea3.dat:471
methanol_maser,-8.12935,3.84507,-0.01391,kinematic,tablea3.dat:472
methanol_maser,-8.11543,3.79914,0.02073,kinematic,tablea3.dat:473
methanol_maser,-7.45275,3.90929,-0.02657,kinematic,tablea3.dat:475
methanol_maser,-3.67196,6.08178,-0.01692,kinematic,tablea3.dat:477
methanol_maser,-3.73011,5.96627,-0.00468,kinematic,tablea3.dat:478
methanol_maser,-9.64398,2.16675,-0.14782,kinematic,tablea3.dat:480
methanol_maser,-8.34586,2.77453,-0.12596,kinematic,tablea3.dat:481
methanol_maser,-9.26031,2.08999,-0.07064,kinematic,tablea3.dat:482
methanol_maser,-9.59969,1.73507,-0.06820,kinematic,tablea3.dat:484
methanol_maser,-4.74626,4.93174,0.01524,kinematic,tablea3.dat:491
methanol_maser,-5.30054,4.53784,0.02087,kinematic,tablea3.dat:492
methanol_maser,-5.28004,4.49205,-0.02784,kinematic,tablea3.dat:499
methanol_maser,-5.44437,4.36081,0.00199,kinematic,tablea3.dat:501
methanol_maser,-1.66777,7.07391,-0.01207,kinematic,tablea3.dat:503
methanol_maser,-8.02019,1.88587,-0.09088,kinematic,tablea3.dat:508
methanol_maser,-4.77241,4.46919,0.05864,kinematic,tablea3.dat:511
methanol_maser,-4.05361,5.02705,0.01118,kinematic,tablea3.dat:512
methanol_maser,-4.07323,4.95612,-0.01242,kinematic,tablea3.dat:513
methanol_maser,-4.08759,4.87969,0.04456,kinematic,tablea3.dat:515
methanol_maser,-8.19793,1.37712,-0.02285,kinematic,tablea3.dat:517
methanol_maser,-9.52872,-0.05058,-0.00708,kinematic,tablea3.dat:518
methanol_maser,-4.11853,4.63979,0.02558,kinematic,tablea3.dat:520
methanol_maser,-10.07338,-0.65709,-0.08940,kinematic,tablea3.dat:521
methanol_maser,-9.72351,-0.37216,-0.16715,kinematic,tablea3.dat:522
methanol_maser,-5.74184,3.13964,0.01913,kinematic,tablea3.dat:523
methanol_maser,-9.39275,-0.30717,-0.01868,kinematic,tablea3.dat:527
methanol_maser,-4.13706,4.49617,0.00441,kinematic,tablea3.dat:528
methanol_maser,-4.13700,4.49610,0.00441,kinematic,tablea3.dat:529
methanol_maser,-9.91429,-0.84801,0.02967,kinematic,tablea3.dat:530
methanol_maser,-7.67110,1.02828,0.03505,kinematic,tablea3.dat:532
methanol_maser,-2.76010,5.67370,0.02161,kinematic,tablea3.dat:533
methanol_maser,-5.57334,2.85741,0.01523,kinematic,tablea3.dat:539
methanol_maser,-8.57424,-0.51801,-0.12344,kinematic,tablea3.dat:540
methanol_maser,-8.39881,-0.50699,-0.07689,kinematic,tablea3.dat:541
methanol_maser,-0.24145,8.04663,-0.00232,kinematic,tablea3.dat:542
methanol_maser,-0.25510,8.03201,-0.00199,kinematic,tablea3.dat:543
methanol_maser,-2.06691,6.09812,-0.00300,kinematic,tablea3.dat:546
methanol_maser,-6.24634,1.49143,-0.06483,kinematic,tablea3.dat:549
methanol_maser,-2.05265,6.04409,0.00586,kinematic,tablea3.dat:550
methanol_maser,-10.84768,-3.76576,-0.39767,kinematic,tablea3.dat:551
methanol_maser,-2.40653,5.62258,0.00547,kinematic,tablea3.dat:552
methanol_maser,-6.61337,0.70612,-0.03445,kinematic,tablea3.dat:554
methanol_maser,-0.61273,7.57401,-0.00327,kinematic,tablea3.dat:556
methanol_maser,-0.57701,7.60935,-0.00792,kinematic,tablea3.dat:557
methanol_maser,-5.41174,1.79747,-0.04193,kinematic,tablea3.dat:558
methanol_maser,-2.69105,4.95922,-0.03961,kinematic,tablea3.dat:567
methanol_maser,-2.30657,5.33089,0.04174,kinematic,tablea3.dat:569
methanol_maser,-2.51258,4.90952,-0.00582,kinematic,tablea3.dat:571
methanol_maser,-1.92811,5.67135,-0.01496,kinematic,tablea3.dat:572
methanol_maser,-10.78421,-6.41642,-0.43633,kinematic,tablea3.dat:573
methanol_maser,-6.03035,-0.22201,0.06232,kinematic,tablea3.dat:576
methanol_maser,-8.27964,-3.43236,-0.09474,kinematic,tablea3.dat:577
methanol_maser,-2.76981,4.35560,-0.04778,kinematic,tablea3.dat:579
methanol_maser,-9.17254,-5.12580,-0.00624,kinematic,tablea3.dat:580
methanol_maser,-6.04172,-0.81939,0.13423,kinematic,tablea3.dat:583
methanol_maser,-6.00389,-0.80814,0.15214,kinematic,tablea3.dat:585
methanol_maser,-1.46810,6.07003,0.02847,kinematic,tablea3.dat:586
methanol_maser,-2.03359,5.18536,-0.04395,kinematic,tablea3.dat:588
methanol_maser,-2.81744,3.94156,0.04629,kinematic,tablea3.dat:590
methanol_maser,-2.64593,4.16395,0.01705,kinematic,tablea3.dat:593
methanol_maser,-2.50507,4.38263,0.03611,kinematic,tablea3.dat:595
methanol_maser,-4.79696,0.74411,-0.01468,kinematic,tablea3.dat:597
methanol_maser,-4.41837,1.33292,-0.01598,kinematic,tablea3.dat:598
methanol_maser,-6.03235,-1.44322,-0.10941,kinematic,tablea3.dat:605
methanol_maser,-1.51526,5.85099,-0.02674,kinematic,tablea3.dat:606
methanol_maser,-8.82765,-6.04073,0.03850,kinematic,tablea3.dat:607
methanol_maser,-1.52773,5.77662,0.03259,kinematic,tablea3.dat:608
methanol_maser,-1.52251,5.78514,0.03248,kinematic,tablea3.dat:609
methanol_maser,-6.00025,-1.69755,-0.04172,kinematic,tablea3.dat:613
methanol_maser,-5.79922,-1.36336,-0.03895,kinematic,tablea3.dat:614
methanol_maser,-5.80868,-1.39255,-0.06074,kinematic,tablea3.dat:615
methanol_maser,-1.77765,5.31998,-0.01902,kinematic,tablea3.dat:616
methanol_maser,-5.21700,-0.54577,0.09016,kinematic,tablea3.dat:622
methanol_maser,-4.77382,0.15606,0.02274,kinematic,tablea3.dat:626
methanol_maser,-2.39349,4.11634,0.02440,kinematic,tablea3.dat:629
methanol_maser,-2.51319,3.89695,0.04362,kinematic,tablea3.dat:630
methanol_maser,-1.91762,4.85825,-0.02634,kinematic,tablea3.dat:631
methanol_maser,-1.79091,5.08527,-0.02357,kinematic,tablea3.dat:632
methanol_maser,-2.45190,3.88520,-0.01604,kinematic,tablea3.dat:633
methanol_maser,-5.99746,-2.51882,0.02008,kinematic,tablea3.dat:634
methanol_maser,-2.17754,4.36205,0.02945,kinematic,tablea3.dat:635
methanol_maser,-4.49167,0.15663,-0.01915,kinematic,tablea3.dat:636
methanol_maser,-2.19656,4.31535,0.01239,kinematic,tablea3.dat:638
methanol_maser,-2.27784,4.14322,-0.01555,kinematic,tablea3.dat:639
methanol_maser,-2.00941,4.62335,-0.02530,kinematic,tablea3.dat:640
methanol_maser,-4.65868,-0.25350,0.04488,kinematic,tablea3.dat:641
methanol_maser,-4.57012,-0.09682,-0.03120,kinematic,tablea3.dat:643
methanol_maser,-2.41593,3.84263,-0.00584,kinematic,tablea3.dat:644
methanol_maser,-2.25384,4.14151,-0.00545,kinematic,tablea3.dat:645
methanol_maser,-2.03781,4.51380,0.04525,kinematic,tablea3.dat:647
methanol_maser,-5.30246,-1.63062,-0.23306,kinematic,tablea3.dat:648
methanol_maser,-1.75972,4.97732,-0.02763,kinematic,tablea3.dat:649
methanol_maser,-1.54818,5.35178,-0.00546,kinematic,tablea3.dat:650
methanol_maser,-1.44585,5.54653,-0.00510,kinematic,tablea3.dat:651
methanol_maser,-1.49421,5.44778,-0.02450,kinematic,tablea3.dat:652
methanol_maser,-1.49420,5.44768,-0.00658,kinematic,tablea3.dat:653
methanol_maser,-5.33865,-1.89628,0.12194,kinematic,tablea3.dat:654
methanol_maser,-1.53913,5.33578,-0.00863,kinematic,tablea3.dat:655
methanol_maser,-5.38740,-2.08581,0.03002,kinematic,tablea3.dat:656
methanol_maser,-1.43102,5.53881,-0.00912,kinematic,tablea3.dat:657
methanol_maser,-1.46533,5.46668,-0.03457,kinematic,tablea3.dat:658
methanol_maser,-4.98968,-1.36773,-0.11165,kinematic,tablea3.dat:659
methanol_maser,-1.52587,5.34039,-0.03609,kinematic,tablea3.dat:660
methanol_maser,-5.13513,-1.69746,-0.13752,kinematic,tablea3.dat:661
methanol_maser,-5.30120,-2.03897,0.16569,kinematic,tablea3.dat:663
methanol_maser,-1.58746,5.19222,-0.04178,kinematic,tablea3.dat:664
methanol_maser,-1.59569,5.17369,0.00827,kinematic,tablea3.dat:665
methanol_maser,-1.40906,5.53898,-0.03674,kinematic,tablea3.dat:666
methanol_maser,-5.23397,-1.96118,0.15542,kinematic,tablea3.dat:667
methanol_maser,-1.73041,4.90578,-0.03238,kinematic,tablea3.dat:668
methanol_maser,-1.65542,5.04699,-0.00096,kinematic,tablea3.dat:669
methanol_maser,-1.26991,5.80454,-0.00308,kinematic,tablea3.dat:670
methanol_maser,-1.63164,5.07997,-0.03528,kinematic,tablea3.dat:677
methanol_maser,-1.70384,4.93719,-0.03685,kinematic,tablea3.dat:678
methanol_maser,-2.35207,3.65115,-0.00918,kinematic,tablea3.dat:679
methanol_maser,-2.20601,3.93588,-0.00777,kinematic,tablea3.dat:680
methanol_maser,-2.21121,3.91609,-0.00514,kinematic,tablea3.dat:681
methanol_maser,-2.20670,3.92502,-0.00530,kinematic,tablea3.dat:682
methanol_maser,-5.31267,-2.26996,0.02168,kinematic,tablea3.dat:683
methanol_maser,-4.85591,-1.39153,0.00605,kinematic,tablea3.dat:684
methanol_maser,-5.38727,-2.53454,-0.00528,kinematic,tablea3.dat:686
methanol_maser,-4.45247,-0.68756,0.01015,kinematic,tablea3.dat:687
methanol_maser,-5.20894,-2.30979,0.10872,kinematic,tablea3.dat:690
methanol_maser,-4.93171,-1.76687,-0.01937,kinematic,tablea3.dat:691
methanol_maser,-5.45693,-2.95709,-0.00502,kinematic,tablea3.dat:693
methanol_maser,-0.95958,6.27594,-0.00059,kinematic,tablea3.dat:695
methanol_maser,-3.95709,-0.16017,-0.05004,kinematic,tablea3.dat:696
methanol_maser,-1.13004,5.86998,-0.01997,kinematic,tablea3.dat:698
methanol_maser,-1.23928,5.58994,-0.01248,kinematic,tablea3.dat:699
methanol_maser,-3.75315,0.04310,-0.04860,kinematic,tablea3.dat:700
methanol_maser,-1.33921,5.34977,-0.01612,kinematic,tablea3.dat:701
methanol_maser,-1.45908,5.08571,-0.01781,kinematic,tablea3.dat:702
methanol_maser,-1.33095,5.36798,-0.01630,kinematic,tablea3.dat:703
methanol_maser,-4.83863,-2.42935,0.03924,kinematic,tablea3.dat:704
methanol_maser,-1.43124,5.11699,0.01060,kinematic,tablea3.dat:705
methanol_maser,-5.34448,-3.60535,-0.04031,kinematic,tablea3.dat:706
methanol_maser,-4.83218,-2.56244,-0.17161,kinematic,tablea3.dat:707
methanol_maser,-4.26284,-1.43779,-0.02542,kinematic,tablea3.dat:708
methanol_maser,-0.76970,6.53015,-0.00913,kinematic,tablea3.dat:712
methanol_maser,-1.06389,5.82933,-0.00465,kinematic,tablea3.dat:714
methanol_maser,-4.11124,-1.29640,0.02168,kinematic,tablea3.dat:715
methanol_maser,-4.02985,-1.11368,0.02484,kinematic,tablea3.dat:717
methanol_maser,-0.74756,6.55329,-0.01244,kinematic,tablea3.dat:718
methanol_maser,-4.17276,-1.46588,0.00093,kinematic,tablea3.dat:719
methanol_maser,-4.33084,-1.84420,0.00154,kinematic,tablea3.dat:720
methanol_maser,-2.45442,2.54123,-0.00262,kinematic,tablea3.dat:721
methanol_maser,-4.33692,-1.89586,-0.04351,kinematic,tablea3.dat:723
methanol_maser,-4.64140,-2.61220,-0.20223,kinematic,tablea3.dat:724
methanol_maser,-4.16795,-1.54391,-0.04217,kinematic,tablea3.dat:727
methanol_maser,-4.79397,-3.04726,-0.19975,kinematic,tablea3.dat:728
methanol_maser,-1.56221,4.59596,-0.00477,kinematic,tablea3.dat:729
methanol_maser,-1.33951,5.12075,-0.02378,kinematic,tablea3.dat:730
methanol_maser,-1.66022,4.35512,-0.00239,kinematic,tablea3.dat:731
methanol_maser,-4.44074,-2.26461,0.02280,kinematic,tablea3.dat:732
methanol_maser,-4.18094,-1.64704,-0.01770,kinematic,tablea3.dat:733
methanol_maser,-4.23693,-1.80790,-0.01932,kinematic,tablea3.dat:734
methanol_maser,-1.14791,5.56080,-0.00363,kinematic,tablea3.dat:735
methanol_maser,-3.90491,-1.03500,-0.15437,kinematic,tablea3.dat:736
methanol_maser,-1.50334,4.69059,-0.01433,kinematic,tablea3.dat:737
methanol_maser,-1.14882,5.53959,-0.02098,kinematic,tablea3.dat:738
methanol_maser,-6.22168,-6.73309,-0.09882,kinematic,tablea3.dat:739
methanol_maser,-1.25303,5.25796,-0.00345,kinematic,tablea3.dat:740
methanol_maser,-1.48035,4.70269,-0.00536,kinematic,tablea3.dat:741
methanol_maser,-4.11195,-1.71899,0.02590,kinematic,tablea3.dat:742
methanol_maser,-4.54910,-2.79350,-0.01109,kinematic,tablea3.dat:743
methanol_maser,-4.44248,-2.53459,-0.01083,kinematic,tablea3.dat:744
methanol_maser,-1.73337,4.07149,0.00710,kinematic,tablea3.dat:745
methanol_maser,-1.57719,4.45058,0.00472,kinematic,tablea3.dat:746
methanol_maser,-4.66877,-3.16562,-0.08103,kinematic,tablea3.dat:747
methanol_maser,-1.09760,5.59424,-0.02324,kinematic,tablea3.dat:748
methanol_maser,-1.45935,4.69414,-0.01147,kinematic,tablea3.dat:749
methanol_maser,-4.77684,-3.52131,0.03026,kinematic,tablea3.dat:750
methanol_maser,-4.65050,-3.29187,0.03880,kinematic,tablea3.dat:754
methanol_maser,-4.17030,-2.10541,-0.01252,kinematic,tablea3.dat:755
methanol_maser,-1.46172,4.63060,0.03737,kinematic,tablea3.dat:756
methanol_maser,-1.14317,5.42925,0.00647,kinematic,tablea3.dat:757
methanol_maser,-0.83838,6.19056,-0.01620,kinematic,tablea3.dat:758
methanol_maser,-4.74025,-3.66518,0.03639,kinematic,tablea3.dat:759
methanol_maser,-4.70249,-3.57230,-0.08982,kinematic,tablea3.dat:760
methanol_maser,-4.38514,-2.77333,-0.00146,kinematic,tablea3.dat:761
methanol_maser,-1.39510,4.76539,-0.01625,kinematic,tablea3.dat:763
methanol_maser,-0.94673,5.90002,0.01301,kinematic,tablea3.dat:764
methanol_maser,-0.89071,6.03915,0.00878,kinematic,tablea3.dat:765
methanol_maser,-4.61271,-3.44670,0.04802,kinematic,tablea3.dat:766
methanol_maser,-1.70290,3.96230,0.00895,kinematic,tablea3.dat:767
methanol_maser,-4.19251,-2.53699,0.08295,kinematic,tablea3.dat:768
methanol_maser,-1.07761,5.51094,-0.00438,kinematic,tablea3.dat:769
methanol_maser,-0.83870,6.12624,0.01602,kinematic,tablea3.dat:770
methanol_maser,-1.49257,4.42790,0.03984,kinematic,tablea3.dat:771
methanol_maser,-1.47784,4.46510,0.03995,kinematic,tablea3.dat:772
methanol_maser,-1.39153,4.68908,0.04282,kinematic,tablea3.dat:773
methanol_maser,-1.49933,4.40914,0.04614,kinematic,tablea3.dat:774
methanol_maser,-1.14298,5.33251,-0.00344,kinematic,tablea3.dat:775
methanol_maser,-3.37479,-0.51599,-0.05190,kinematic,tablea3.dat:776
methanol_maser,-3.73761,-1.46940,0.02775,kinematic,tablea3.dat:777
methanol_maser,-0.49351,7.00056,-0.00044,kinematic,tablea3.dat:778
methanol_maser,-1.57427,4.13778,0.01056,kinematic,tablea3.dat:779
methanol_maser,-1.58047,4.11874,0.01084,kinematic,tablea3.dat:780
methanol_maser,-3.61466,-1.35553,0.03329,kinematic,tablea3.dat:781
methanol_maser,-4.97828,-4.99874,0.01066,kinematic,tablea3.dat:782
methanol_maser,-0.96985,5.69467,-0.00616,kinematic,tablea3.dat:783
methanol_maser,-0.99240,5.62837,-0.00602,kinematic,tablea3.dat:784
methanol_maser,-4.50973,-3.87897,-0.27386,kinematic,tablea3.dat:785
methanol_maser,-4.44356,-3.70092,-0.26963,kinematic,tablea3.dat:786
methanol_maser,-4.10953,-2.84657,0.01120,kinematic,tablea3.dat:787
methanol_maser,-0.96275,5.67144,-0.06152,kinematic,tablea3.dat:788
methanol_maser,-4.91562,-5.13909,0.05994,kinematic,tablea3.dat:789
methanol_maser,-1.87877,3.15238,-0.05155,kinematic,tablea3.dat:790
methanol_maser,-3.57053,-1.49932,-0.09793,kinematic,tablea3.dat:791
methanol_maser,-3.57641,-1.51864,-0.07751,kinematic,tablea3.dat:792
methanol_maser,-0.80229,6.09166,-0.04552,kinematic,tablea3.dat:793
methanol_maser,-3.20359,-0.55852,-0.00345,kinematic,tablea3.dat:795
methanol_maser,-3.15301,-0.44920,-0.00763,kinematic,tablea3.dat:796
methanol_maser,-3.10560,-0.34935,-0.00738,kinematic,tablea3.dat:797
methanol_maser,-4.03484,-2.93733,-0.07752,kinematic,tablea3.dat:798
methanol_maser,-1.17395,4.98154,-0.00934,kinematic,tablea3.dat:799
methanol_maser,-1.23246,4.81131,-0.01046,kinematic,tablea3.dat:800
methanol_maser,-4.51829,-4.56979,-0.05594,kinematic,tablea3.dat:801
methanol_maser,-3.35367,-1.32230,-0.01707,kinematic,tablea3.dat:802
methanol_maser,-0.78895,6.01262,-0.04316,kinematic,tablea3.dat:803
methanol_maser,-1.03525,5.27215,-0.02016,kinematic,tablea3.dat:804
methanol_maser,-1.07537,5.13788,-0.01236,kinematic,tablea3.dat:805
methanol_maser,-1.18361,4.81558,-0.01734,kinematic,tablea3.dat:806
methanol_maser,-3.56642,-2.22201,0.01202,kinematic,tablea3.dat:807
methanol_maser,-3.45379,-1.94321,0.06339,kinematic,tablea3.dat:808
methanol_maser,-0.39921,7.07334,0.00525,kinematic,tablea3.dat:809
methanol_maser,-0.99866,5.22827,-0.00581,kinematic,tablea3.dat:810
methanol_maser,-2.90820,-0.78578,0.05128,kinematic,tablea3.dat:811
methanol_maser,-2.99756,-1.11415,0.05259,kinematic,tablea3.dat:812
methanol_maser,-0.27261,7.44228,0.00220,kinematic,tablea3.dat:813
methanol_maser,-0.68464,6.13571,-0.00285,kinematic,tablea3.dat:814
methanol_maser,-3.74407,-3.56313,0.03973,kinematic,tablea3.dat:815
methanol_maser,-0.29021,7.35349,-0.00033,kinematic,tablea3.dat:816
methanol_maser,-2.73567,-0.84978,-0.01117,kinematic,tablea3.dat:817
methanol_maser,-0.92859,5.16473,-0.02694,kinematic,tablea3.dat:818
methanol_maser,-0.76086,5.68860,-0.00774,kinematic,tablea3.dat:819
methanol_maser,-5.00504,-9.07338,0.03944,kinematic,tablea3.dat:820
methanol_maser,-0.62517,6.08671,-0.02284,kinematic,tablea3.dat:821
methanol_maser,-1.23556,3.86904,0.00353,kinematic,tablea3.dat:822
methanol_maser,-1.30523,3.61855,0.00382,kinematic,tablea3.dat:823
methanol_maser,-0.06647,8.05900,-0.00010,kinematic,tablea3.dat:824
methanol_maser,-0.62880,5.95279,-0.00946,kinematic,tablea3.dat:825
methanol_maser,-0.74784,5.50846,-0.01130,kinematic,tablea3.dat:826
methanol_maser,-0.57392,6.15659,0.06942,kinematic,tablea3.dat:827
methanol_maser,-0.41100,6.76485,0.04986,kinematic,tablea3.dat:828
methanol_maser,-0.75443,5.45846,-0.00893,kinematic,tablea3.dat:829
methanol_maser,-2.72852,-2.02558,-0.00559,kinematic,tablea3.dat:830
methanol_maser,-2.92384,-2.77021,0.06335,kinematic,tablea3.dat:831
methanol_maser,-0.85148,5.02949,-0.05616,photometric_or_trigonometric,tablea3.dat:832
methanol_maser,-0.85051,5.02924,-0.05610,photometric_or_trigonometric,tablea3.dat:833
methanol_maser,-2.69474,-2.07571,0.03836,kinematic,tablea3.dat:834
methanol_maser,-0.62398,5.88949,0.01365,kinematic,tablea3.dat:835
methanol_maser,-2.68562,-2.08827,0.06517,kinematic,tablea3.dat:836
methanol_maser,-0.43558,6.61599,0.04455,kinematic,tablea3.dat:837
methanol_maser,-1.33016,3.12836,-0.02097,kinematic,tablea3.dat:838
methanol_maser,-2.64068,-2.14125,-0.00827,kinematic,tablea3.dat:839
methanol_maser,-2.63759,-2.14203,0.00827,kinematic,tablea3.dat:840
methanol_maser,-3.31156,-4.93175,-0.06380,kinematic,tablea3.dat:841
methanol_maser,-2.58886,-2.07178,-0.00373,kinematic,tablea3.dat:842
methanol_maser,-2.60617,-2.18083,0.00905,kinematic,tablea3.dat:843
methanol_maser,-2.47052,-1.78169,0.02156,kinematic,tablea3.dat:844
methanol_maser,-3.27296,-5.31194,0.05400,kinematic,tablea3.dat:845
methanol_maser,-2.53871,-2.25907,0.02502,kinematic,tablea3.dat:846
methanol_maser,-2.53441,-2.27039,0.02220,kinematic,tablea3.dat:847
methanol_maser,-2.53349,-2.27062,0.01613,kinematic,tablea3.dat:848
methanol_maser,-2.45352,-2.52544,0.00310,kinematic,tablea3.dat:849
methanol_maser,-1.12027,3.21190,0.01937,kinematic,tablea3.dat:850
methanol_maser,-1.11628,3.21101,0.01355,kinematic,tablea3.dat:851
methanol_maser,-1.24453,2.62490,0.02140,kinematic,tablea3.dat:852
methanol_maser,-2.81520,-4.73956,0.00419,kinematic,tablea3.dat:853
methanol_maser,-2.67648,-4.14545,0.00422,kinematic,tablea3.dat:854
methanol_maser,-1.07667,3.22291,0.00960,kinematic,tablea3.dat:856
methanol_maser,-0.05932,8.01616,0.00389,kinematic,tablea3.dat:857
methanol_maser,-0.67088,4.98775,-0.05775,photometric_or_trigonometric,tablea3.dat:858
methanol_maser,-0.67088,4.98775,-0.05775,photometric_or_trigonometric,tablea3.dat:859
methanol_maser,-0.66921,4.98736,-0.05427,photometric_or_trigonometric,tablea3.dat:860
methanol_maser,-0.66696,4.98717,-0.06854,photometric_or_trigonometric,tablea3.dat:861
methanol_maser,-2.18766,-2.60258,0.04736,kinematic,tablea3.dat:862
methanol_maser,-0.66201,4.98604,-0.06153,photometric_or_trigonometric,tablea3.dat:863
methanol_maser,-2.17650,-2.61511,-0.01515,kinematic,tablea3.dat:864
methanol_maser,-0.66063,4.98575,-0.06117,photometric_or_trigonometric,tablea3.dat:865
methanol_maser,-2.07448,-2.25812,0.01803,kinematic,tablea3.dat:866
methanol_maser,-2.14621,-2.63125,-0.03500,kinematic,tablea3.dat:867
methanol_maser,-2.11662,-2.65744,-0.00331,kinematic,tablea3.dat:868
methanol_maser,-2.03235,-2.24594,0.01968,kinematic,tablea3.dat:869
methanol_maser,-2.10243,-2.67035,0.00409,kinematic,tablea3.dat:871
methanol_maser,-2.37478,-4.61252,-0.15560,kinematic,tablea3.dat:872
methanol_maser,-1.97420,-2.76517,0.04532,kinematic,tablea3.dat:874
methanol_maser,-2.16558,-4.00046,0.09439,kinematic,tablea3.dat:876
methanol_maser,-1.93282,-2.79286,0.01651,kinematic,tablea3.dat:879
methanol_maser,-2.96788,-8.73324,0.06639,kinematic,tablea3.dat:880
methanol_maser,-1.84346,-2.48354,0.02329,kinematic,tablea3.dat:882
methanol_maser,-1.87433,-2.71159,0.02749,kinematic,tablea3.dat:883
methanol_maser,-1.86350,-2.65258,0.02249,kinematic,tablea3.dat:884
methanol_maser,-1.82101,-2.41637,-0.01290,kinematic,tablea3.dat:885
methanol_maser,-0.24835,6.82070,0.00076,kinematic,tablea3.dat:886
methanol_maser,-0.53363,5.10431,-0.01979,kinematic,tablea3.dat:887
methanol_maser,-0.37223,6.03041,-0.01971,kinematic,tablea3.dat:888
methanol_maser,-1.81453,-2.87359,0.02726,kinematic,tablea3.dat:889
methanol_maser,-0.20742,6.96613,0.01642,photometric_or_trigonometric,tablea3.dat:890
methanol_maser,-0.20554,6.96583,0.01579,photometric_or_trigonometric,tablea3.dat:891
methanol_maser,-0.20533,6.96579,0.01536,photometric_or_trigonometric,tablea3.dat:892
methanol_maser,-0.83164,2.81269,-0.01753,kinematic,tablea3.dat:893
methanol_maser,-0.73790,3.31441,-0.03105,kinematic,tablea3.dat:897
methanol_maser,-1.69572,-3.30673,0.03501,kinematic,tablea3.dat:899
methanol_maser,-0.09585,7.63692,-0.00627,kinematic,tablea3.dat:900
methanol_maser,-1.46966,-2.26826,0.03110,kinematic,tablea3.dat:901
methanol_maser,-0.74392,2.93132,0.01665,kinematic,tablea3.dat:902
methanol_maser,-0.31750,6.00215,-0.03822,kinematic,tablea3.dat:903
methanol_maser,-1.45078,-2.74509,-0.03014,kinematic,tablea3.dat:904
methanol_maser,-1.41671,-2.49741,-0.03003,kinematic,tablea3.dat:905
methanol_maser,-0.64536,3.34185,-0.01614,kinematic,tablea3.dat:906
methanol_maser,-0.64363,3.34164,-0.01963,kinematic,tablea3.dat:907
methanol_maser,-2.22059,-8.85381,-0.32517,kinematic,tablea3.dat:908
methanol_maser,-0.15006,7.13987,-0.02179,kinematic,tablea3.dat:909
methanol_maser,-1.36942,-2.62444,-0.03862,kinematic,tablea3.dat:910
methanol_maser,-0.41698,4.79475,-0.01534,kinematic,tablea3.dat:911
methanol_maser,-0.57558,3.35340,-0.01443,kinematic,tablea3.dat:913
methanol_maser,-1.55214,-5.06981,0.10289,kinematic,tablea3.dat:915
methanol_maser,-1.23475,-2.41911,-0.01695,kinematic,tablea3.dat:917
methanol_maser,-1.24407,-2.55844,0.10721,kinematic,tablea3.dat:918
methanol_maser,-1.20441,-2.33199,-0.01699,kinematic,tablea3.dat:919
methanol_maser,-3.37611,-25.57210,-0.06535,kinematic,tablea3.dat:921
methanol_maser,-1.10974,-3.21664,0.01676,kinematic,tablea3.dat:922
methanol_maser,-0.37162,4.35761,0.03262,kinematic,tablea3.dat:923
methanol_maser,-0.03022,7.94128,-0.00263,kinematic,tablea3.dat:926
methanol_maser,-1.65547,-12.02262,0.05267,kinematic,tablea3.dat:927
methanol_maser,-2.34976,-20.56442,0.07531,kinematic,tablea3.dat:929
methanol_maser,-1.33579,-8.81793,-0.03147,kinematic,tablea3.dat:930
methanol_maser,-0.88473,-3.05557,-0.02048,kinematic,tablea3.dat:931
methanol_maser,-1.06913,-5.72898,0.09774,kinematic,tablea3.dat:932
methanol_maser,-1.19928,-7.52428,0.10359,kinematic,tablea3.dat:933
methanol_maser,-0.28647,3.38840,-0.02258,kinematic,tablea3.dat:935
methanol_maser,-0.09971,5.55186,-0.01617,kinematic,tablea3.dat:938
methanol_maser,-0.00507,8.16009,-0.00082,kinematic,tablea3.dat:939
methanol_maser,-0.52342,-6.43064,-0.04219,kinematic,tablea3.dat:940
methanol_maser,-0.52290,-6.43066,-0.04193,kinematic,tablea3.dat:941
methanol_maser,-1.01672,-25.36245,-1.22314,kinematic,tablea3.dat:942
methanol_maser,-0.55409,-11.17147,-0.15911,kinematic,tablea3.dat:943
